-- Yumegoji seed PART 4/13 (run 01 -> 13 in order)
-- File: yumegoji_supabase_data_v2_part04.sql
-- placement_results_app (5 rows)
-- ============================================================
INSERT INTO "placement_results_app" ("id", "user_id", "correct_count", "total_count", "level_label", "created_at") VALUES (1, 30, 0, 40, 'N5', '2026-04-01T03:31:34.8082147');
INSERT INTO "placement_results_app" ("id", "user_id", "correct_count", "total_count", "level_label", "created_at") VALUES (2, 28, 0, 40, 'N5', '2026-04-01T05:09:44.8830529');
INSERT INTO "placement_results_app" ("id", "user_id", "correct_count", "total_count", "level_label", "created_at") VALUES (3, 29, 0, 40, 'N5', '2026-04-07T04:03:25.7140965');
INSERT INTO "placement_results_app" ("id", "user_id", "correct_count", "total_count", "level_label", "created_at") VALUES (4, 31, 6, 40, 'N5', '2026-05-01T01:25:58.1803769');
INSERT INTO "placement_results_app" ("id", "user_id", "correct_count", "total_count", "level_label", "created_at") VALUES (5, 32, 11, 40, 'N5', '2026-05-11T10:33:49.1949779');
SELECT setval(pg_get_serial_sequence('"placement_results_app"', 'id'), COALESCE((SELECT MAX(id) FROM "placement_results_app"),0)+1, false);

-- ============================================================
-- level_up_tests (2 rows)
-- ============================================================
INSERT INTO "level_up_tests" ("id", "from_level", "to_level", "title", "description", "total_points", "pass_score", "is_active", "created_at") VALUES (1, 'N5', 'N4', 'Thi lên N4', 'Bài thi nâng trình độ từ N5 lên N4 (mẫu).', 40, 32, true, '2026-04-01T06:22:06.7983051');
INSERT INTO "level_up_tests" ("id", "from_level", "to_level", "title", "description", "total_points", "pass_score", "is_active", "created_at") VALUES (2, 'N4', 'N3', 'Thi lên N3', 'Bài thi nâng trình độ từ N4 lên N3 (mẫu).', 40, 32, true, '2026-04-01T06:22:06.7983051');
SELECT setval(pg_get_serial_sequence('"level_up_tests"', 'id'), COALESCE((SELECT MAX(id) FROM "level_up_tests"),0)+1, false);

-- ============================================================
-- level_up_questions (80 rows)
-- ============================================================
INSERT INTO "level_up_questions" ("id", "test_id", "order_index", "text", "type", "points") VALUES (1, 1, 1, 'これは＿＿ペンです。', 'single_choice', 1);
INSERT INTO "level_up_questions" ("id", "test_id", "order_index", "text", "type", "points") VALUES (2, 1, 2, 'いま、＿＿ですか。', 'single_choice', 1);
INSERT INTO "level_up_questions" ("id", "test_id", "order_index", "text", "type", "points") VALUES (3, 1, 3, 'わたしは毎日７時に＿＿。', 'single_choice', 1);
INSERT INTO "level_up_questions" ("id", "test_id", "order_index", "text", "type", "points") VALUES (4, 1, 4, '教室に学生が３０＿＿います。', 'single_choice', 1);
INSERT INTO "level_up_questions" ("id", "test_id", "order_index", "text", "type", "points") VALUES (5, 1, 5, '明日＿＿に行きます。', 'single_choice', 1);
INSERT INTO "level_up_questions" ("id", "test_id", "order_index", "text", "type", "points") VALUES (6, 1, 6, 'これはいくらですか。＿＿、１０００円です。', 'single_choice', 1);
INSERT INTO "level_up_questions" ("id", "test_id", "order_index", "text", "type", "points") VALUES (7, 1, 7, 'わたしのしゅみは本を＿＿ことです。', 'single_choice', 1);
INSERT INTO "level_up_questions" ("id", "test_id", "order_index", "text", "type", "points") VALUES (8, 1, 8, '山田さんは日本語がとても＿＿です。', 'single_choice', 1);
INSERT INTO "level_up_questions" ("id", "test_id", "order_index", "text", "type", "points") VALUES (9, 1, 9, '日曜日、どこ＿＿行きましたか。', 'single_choice', 1);
INSERT INTO "level_up_questions" ("id", "test_id", "order_index", "text", "type", "points") VALUES (10, 1, 10, 'きのうは＿＿でしたか。', 'single_choice', 1);
INSERT INTO "level_up_questions" ("id", "test_id", "order_index", "text", "type", "points") VALUES (11, 1, 11, '＿＿、もう一度言ってください。', 'single_choice', 1);
INSERT INTO "level_up_questions" ("id", "test_id", "order_index", "text", "type", "points") VALUES (12, 1, 12, 'わたしは日本のアニメ＿＿好きです。', 'single_choice', 1);
INSERT INTO "level_up_questions" ("id", "test_id", "order_index", "text", "type", "points") VALUES (13, 1, 13, 'きょうは仕事が＿＿、とてもつかれました。', 'single_choice', 1);
INSERT INTO "level_up_questions" ("id", "test_id", "order_index", "text", "type", "points") VALUES (14, 1, 14, '田中さんはどこに＿＿か。', 'single_choice', 1);
INSERT INTO "level_up_questions" ("id", "test_id", "order_index", "text", "type", "points") VALUES (15, 1, 15, '電車で＿＿ください。', 'single_choice', 1);
INSERT INTO "level_up_questions" ("id", "test_id", "order_index", "text", "type", "points") VALUES (16, 1, 16, '田中さんは今、日本で＿＿います。', 'single_choice', 1);
INSERT INTO "level_up_questions" ("id", "test_id", "order_index", "text", "type", "points") VALUES (17, 1, 17, '雨が＿＿、サッカーの試合は中止になりました。', 'single_choice', 1);
INSERT INTO "level_up_questions" ("id", "test_id", "order_index", "text", "type", "points") VALUES (18, 1, 18, 'きのうは本を読んだり、音楽を聞いたり＿＿。', 'single_choice', 1);
INSERT INTO "level_up_questions" ("id", "test_id", "order_index", "text", "type", "points") VALUES (19, 1, 19, 'まだ夕ごはんを＿＿。', 'single_choice', 1);
INSERT INTO "level_up_questions" ("id", "test_id", "order_index", "text", "type", "points") VALUES (20, 1, 20, '明日、雨が降る＿＿しれません。', 'single_choice', 1);
INSERT INTO "level_up_questions" ("id", "test_id", "order_index", "text", "type", "points") VALUES (21, 1, 21, 'A: 先生、宿題を忘れてしまいました。 B: そうですか。＿＿、こんどは気をつけてくださいね。', 'single_choice', 1);
INSERT INTO "level_up_questions" ("id", "test_id", "order_index", "text", "type", "points") VALUES (22, 1, 22, 'A: いっしょに映画を見に行きませんか。 B: ＿＿、今日は用事があります。', 'single_choice', 1);
INSERT INTO "level_up_questions" ("id", "test_id", "order_index", "text", "type", "points") VALUES (23, 1, 23, 'あした雨が＿＿、ハイキングに行きます。', 'single_choice', 1);
INSERT INTO "level_up_questions" ("id", "test_id", "order_index", "text", "type", "points") VALUES (24, 1, 24, 'これは日本人＿＿もむずかしい本です。', 'single_choice', 1);
INSERT INTO "level_up_questions" ("id", "test_id", "order_index", "text", "type", "points") VALUES (25, 1, 25, '兄はギターを＿＿ことができます。', 'single_choice', 1);
INSERT INTO "level_up_questions" ("id", "test_id", "order_index", "text", "type", "points") VALUES (26, 1, 26, '【読解】「田中さんは毎朝６時に起きて、朝ごはんを食べてから会社に行きます。週末はよく家族と買い物をします。」田中さんは＿＿と買い物をしますか。', 'single_choice', 1);
INSERT INTO "level_up_questions" ("id", "test_id", "order_index", "text", "type", "points") VALUES (27, 1, 27, 'A: 駅までどうやって行きますか。 B: このバスに＿＿行けますよ。', 'single_choice', 1);
INSERT INTO "level_up_questions" ("id", "test_id", "order_index", "text", "type", "points") VALUES (28, 1, 28, '日本語を上手に話せる＿＿、毎日練習しています。', 'single_choice', 1);
INSERT INTO "level_up_questions" ("id", "test_id", "order_index", "text", "type", "points") VALUES (29, 1, 29, '１か月に日本語の本を何＿＿読みますか。', 'single_choice', 1);
INSERT INTO "level_up_questions" ("id", "test_id", "order_index", "text", "type", "points") VALUES (30, 1, 30, '【読解】「来週、会社で大きいプロジェクトが始まります。わたしはリーダーになったので、とても忙しくなりそうです。」筆者は来週からどうなりそうですか。', 'single_choice', 1);
INSERT INTO "level_up_questions" ("id", "test_id", "order_index", "text", "type", "points") VALUES (31, 1, 31, '日本では、春になると桜が咲く＿＿です。', 'single_choice', 1);
INSERT INTO "level_up_questions" ("id", "test_id", "order_index", "text", "type", "points") VALUES (32, 1, 32, 'そんなに夜遅くまでゲームをしていたら、体に悪い＿＿。', 'single_choice', 1);
INSERT INTO "level_up_questions" ("id", "test_id", "order_index", "text", "type", "points") VALUES (33, 1, 33, '大事な書類をなくして＿＿いました。', 'single_choice', 1);
INSERT INTO "level_up_questions" ("id", "test_id", "order_index", "text", "type", "points") VALUES (34, 1, 34, '健康のために、毎朝３０分歩くことに＿＿。', 'single_choice', 1);
INSERT INTO "level_up_questions" ("id", "test_id", "order_index", "text", "type", "points") VALUES (35, 1, 35, '彼は日本に来た＿＿、日本語が上手になった。', 'single_choice', 1);
INSERT INTO "level_up_questions" ("id", "test_id", "order_index", "text", "type", "points") VALUES (36, 1, 36, '【読解】「私は１０年前に日本へ留学しました。最初はほとんど日本語が話せませんでしたが、毎日ニュースを見たり、日本人の友達と話したりして、少しずつ上手になりました。」筆者はどうやって日本語が上手になりましたか。', 'single_choice', 1);
INSERT INTO "level_up_questions" ("id", "test_id", "order_index", "text", "type", "points") VALUES (37, 1, 37, 'A: あの、新しいプロジェクトの資料、もう読みましたか。 B: いいえ、＿＿。今日の午後読むつもりです。', 'single_choice', 1);
INSERT INTO "level_up_questions" ("id", "test_id", "order_index", "text", "type", "points") VALUES (38, 1, 38, '日本語だけでなく、英語＿＿勉強する必要があります。', 'single_choice', 1);
INSERT INTO "level_up_questions" ("id", "test_id", "order_index", "text", "type", "points") VALUES (39, 1, 39, '【読解】「この会社では、１日に３回ミーティングがあります。１回目は９時、２回目は１３時、３回目は１７時に行われます。」ミーティングは１日に何回行われますか。', 'single_choice', 1);
INSERT INTO "level_up_questions" ("id", "test_id", "order_index", "text", "type", "points") VALUES (40, 1, 40, '【読解】「最近、日本語の勉強があまり進んでいません。仕事が忙しくて、家に帰るといつも疲れてしまいます。それでも、日本語が上手になりたいので、毎日３０分だけでも勉強を続けようと思っています。」筆者はこれからどうしようと思っていますか。', 'single_choice', 1);
INSERT INTO "level_up_questions" ("id", "test_id", "order_index", "text", "type", "points") VALUES (41, 2, 1, 'これは＿＿ペンです。', 'single_choice', 1);
INSERT INTO "level_up_questions" ("id", "test_id", "order_index", "text", "type", "points") VALUES (42, 2, 2, 'いま、＿＿ですか。', 'single_choice', 1);
INSERT INTO "level_up_questions" ("id", "test_id", "order_index", "text", "type", "points") VALUES (43, 2, 3, 'わたしは毎日７時に＿＿。', 'single_choice', 1);
INSERT INTO "level_up_questions" ("id", "test_id", "order_index", "text", "type", "points") VALUES (44, 2, 4, '教室に学生が３０＿＿います。', 'single_choice', 1);
INSERT INTO "level_up_questions" ("id", "test_id", "order_index", "text", "type", "points") VALUES (45, 2, 5, '明日＿＿に行きます。', 'single_choice', 1);
INSERT INTO "level_up_questions" ("id", "test_id", "order_index", "text", "type", "points") VALUES (46, 2, 6, 'これはいくらですか。＿＿、１０００円です。', 'single_choice', 1);
INSERT INTO "level_up_questions" ("id", "test_id", "order_index", "text", "type", "points") VALUES (47, 2, 7, 'わたしのしゅみは本を＿＿ことです。', 'single_choice', 1);
INSERT INTO "level_up_questions" ("id", "test_id", "order_index", "text", "type", "points") VALUES (48, 2, 8, '山田さんは日本語がとても＿＿です。', 'single_choice', 1);
INSERT INTO "level_up_questions" ("id", "test_id", "order_index", "text", "type", "points") VALUES (49, 2, 9, '日曜日、どこ＿＿行きましたか。', 'single_choice', 1);
INSERT INTO "level_up_questions" ("id", "test_id", "order_index", "text", "type", "points") VALUES (50, 2, 10, 'きのうは＿＿でしたか。', 'single_choice', 1);
INSERT INTO "level_up_questions" ("id", "test_id", "order_index", "text", "type", "points") VALUES (51, 2, 11, '＿＿、もう一度言ってください。', 'single_choice', 1);
INSERT INTO "level_up_questions" ("id", "test_id", "order_index", "text", "type", "points") VALUES (52, 2, 12, 'わたしは日本のアニメ＿＿好きです。', 'single_choice', 1);
INSERT INTO "level_up_questions" ("id", "test_id", "order_index", "text", "type", "points") VALUES (53, 2, 13, 'きょうは仕事が＿＿、とてもつかれました。', 'single_choice', 1);
INSERT INTO "level_up_questions" ("id", "test_id", "order_index", "text", "type", "points") VALUES (54, 2, 14, '田中さんはどこに＿＿か。', 'single_choice', 1);
INSERT INTO "level_up_questions" ("id", "test_id", "order_index", "text", "type", "points") VALUES (55, 2, 15, '電車で＿＿ください。', 'single_choice', 1);
INSERT INTO "level_up_questions" ("id", "test_id", "order_index", "text", "type", "points") VALUES (56, 2, 16, '田中さんは今、日本で＿＿います。', 'single_choice', 1);
INSERT INTO "level_up_questions" ("id", "test_id", "order_index", "text", "type", "points") VALUES (57, 2, 17, '雨が＿＿、サッカーの試合は中止になりました。', 'single_choice', 1);
INSERT INTO "level_up_questions" ("id", "test_id", "order_index", "text", "type", "points") VALUES (58, 2, 18, 'きのうは本を読んだり、音楽を聞いたり＿＿。', 'single_choice', 1);
INSERT INTO "level_up_questions" ("id", "test_id", "order_index", "text", "type", "points") VALUES (59, 2, 19, 'まだ夕ごはんを＿＿。', 'single_choice', 1);
INSERT INTO "level_up_questions" ("id", "test_id", "order_index", "text", "type", "points") VALUES (60, 2, 20, '明日、雨が降る＿＿しれません。', 'single_choice', 1);
INSERT INTO "level_up_questions" ("id", "test_id", "order_index", "text", "type", "points") VALUES (61, 2, 21, 'A: 先生、宿題を忘れてしまいました。 B: そうですか。＿＿、こんどは気をつけてくださいね。', 'single_choice', 1);
INSERT INTO "level_up_questions" ("id", "test_id", "order_index", "text", "type", "points") VALUES (62, 2, 22, 'A: いっしょに映画を見に行きませんか。 B: ＿＿、今日は用事があります。', 'single_choice', 1);
INSERT INTO "level_up_questions" ("id", "test_id", "order_index", "text", "type", "points") VALUES (63, 2, 23, 'あした雨が＿＿、ハイキングに行きます。', 'single_choice', 1);
INSERT INTO "level_up_questions" ("id", "test_id", "order_index", "text", "type", "points") VALUES (64, 2, 24, 'これは日本人＿＿もむずかしい本です。', 'single_choice', 1);
INSERT INTO "level_up_questions" ("id", "test_id", "order_index", "text", "type", "points") VALUES (65, 2, 25, '兄はギターを＿＿ことができます。', 'single_choice', 1);
INSERT INTO "level_up_questions" ("id", "test_id", "order_index", "text", "type", "points") VALUES (66, 2, 26, '【読解】「田中さんは毎朝６時に起きて、朝ごはんを食べてから会社に行きます。週末はよく家族と買い物をします。」田中さんは＿＿と買い物をしますか。', 'single_choice', 1);
INSERT INTO "level_up_questions" ("id", "test_id", "order_index", "text", "type", "points") VALUES (67, 2, 27, 'A: 駅までどうやって行きますか。 B: このバスに＿＿行けますよ。', 'single_choice', 1);
INSERT INTO "level_up_questions" ("id", "test_id", "order_index", "text", "type", "points") VALUES (68, 2, 28, '日本語を上手に話せる＿＿、毎日練習しています。', 'single_choice', 1);
INSERT INTO "level_up_questions" ("id", "test_id", "order_index", "text", "type", "points") VALUES (69, 2, 29, '１か月に日本語の本を何＿＿読みますか。', 'single_choice', 1);
INSERT INTO "level_up_questions" ("id", "test_id", "order_index", "text", "type", "points") VALUES (70, 2, 30, '【読解】「来週、会社で大きいプロジェクトが始まります。わたしはリーダーになったので、とても忙しくなりそうです。」筆者は来週からどうなりそうですか。', 'single_choice', 1);
INSERT INTO "level_up_questions" ("id", "test_id", "order_index", "text", "type", "points") VALUES (71, 2, 31, '日本では、春になると桜が咲く＿＿です。', 'single_choice', 1);
INSERT INTO "level_up_questions" ("id", "test_id", "order_index", "text", "type", "points") VALUES (72, 2, 32, 'そんなに夜遅くまでゲームをしていたら、体に悪い＿＿。', 'single_choice', 1);
INSERT INTO "level_up_questions" ("id", "test_id", "order_index", "text", "type", "points") VALUES (73, 2, 33, '大事な書類をなくして＿＿いました。', 'single_choice', 1);
INSERT INTO "level_up_questions" ("id", "test_id", "order_index", "text", "type", "points") VALUES (74, 2, 34, '健康のために、毎朝３０分歩くことに＿＿。', 'single_choice', 1);
INSERT INTO "level_up_questions" ("id", "test_id", "order_index", "text", "type", "points") VALUES (75, 2, 35, '彼は日本に来た＿＿、日本語が上手になった。', 'single_choice', 1);
INSERT INTO "level_up_questions" ("id", "test_id", "order_index", "text", "type", "points") VALUES (76, 2, 36, '【読解】「私は１０年前に日本へ留学しました。最初はほとんど日本語が話せませんでしたが、毎日ニュースを見たり、日本人の友達と話したりして、少しずつ上手になりました。」筆者はどうやって日本語が上手になりましたか。', 'single_choice', 1);
INSERT INTO "level_up_questions" ("id", "test_id", "order_index", "text", "type", "points") VALUES (77, 2, 37, 'A: あの、新しいプロジェクトの資料、もう読みましたか。 B: いいえ、＿＿。今日の午後読むつもりです。', 'single_choice', 1);
INSERT INTO "level_up_questions" ("id", "test_id", "order_index", "text", "type", "points") VALUES (78, 2, 38, '日本語だけでなく、英語＿＿勉強する必要があります。', 'single_choice', 1);
INSERT INTO "level_up_questions" ("id", "test_id", "order_index", "text", "type", "points") VALUES (79, 2, 39, '【読解】「この会社では、１日に３回ミーティングがあります。１回目は９時、２回目は１３時、３回目は１７時に行われます。」ミーティングは１日に何回行われますか。', 'single_choice', 1);
INSERT INTO "level_up_questions" ("id", "test_id", "order_index", "text", "type", "points") VALUES (80, 2, 40, '【読解】「最近、日本語の勉強があまり進んでいません。仕事が忙しくて、家に帰るといつも疲れてしまいます。それでも、日本語が上手になりたいので、毎日３０分だけでも勉強を続けようと思っています。」筆者はこれからどうしようと思っていますか。', 'single_choice', 1);
SELECT setval(pg_get_serial_sequence('"level_up_questions"', 'id'), COALESCE((SELECT MAX(id) FROM "level_up_questions"),0)+1, false);

-- ============================================================
-- level_up_question_options (320 rows)
-- ============================================================
INSERT INTO "level_up_question_options" ("id", "question_id", "option_key", "text", "is_correct") VALUES (1, 1, 'a', 'わたし', false);
INSERT INTO "level_up_question_options" ("id", "question_id", "option_key", "text", "is_correct") VALUES (2, 1, 'b', 'わたしの', true);
INSERT INTO "level_up_question_options" ("id", "question_id", "option_key", "text", "is_correct") VALUES (3, 1, 'c', 'わたしを', false);
INSERT INTO "level_up_question_options" ("id", "question_id", "option_key", "text", "is_correct") VALUES (4, 1, 'd', 'わたしが', false);
INSERT INTO "level_up_question_options" ("id", "question_id", "option_key", "text", "is_correct") VALUES (5, 2, 'a', 'なんじ', true);
INSERT INTO "level_up_question_options" ("id", "question_id", "option_key", "text", "is_correct") VALUES (6, 2, 'b', 'なんにち', false);
INSERT INTO "level_up_question_options" ("id", "question_id", "option_key", "text", "is_correct") VALUES (7, 2, 'c', 'なんさい', false);
INSERT INTO "level_up_question_options" ("id", "question_id", "option_key", "text", "is_correct") VALUES (8, 2, 'd', 'なんがつ', false);
INSERT INTO "level_up_question_options" ("id", "question_id", "option_key", "text", "is_correct") VALUES (9, 3, 'a', 'ねます', false);
INSERT INTO "level_up_question_options" ("id", "question_id", "option_key", "text", "is_correct") VALUES (10, 3, 'b', 'おきます', true);
INSERT INTO "level_up_question_options" ("id", "question_id", "option_key", "text", "is_correct") VALUES (11, 3, 'c', 'いきます', false);
INSERT INTO "level_up_question_options" ("id", "question_id", "option_key", "text", "is_correct") VALUES (12, 3, 'd', 'たべます', false);
INSERT INTO "level_up_question_options" ("id", "question_id", "option_key", "text", "is_correct") VALUES (13, 4, 'a', 'まい', false);
INSERT INTO "level_up_question_options" ("id", "question_id", "option_key", "text", "is_correct") VALUES (14, 4, 'b', 'さつ', false);
INSERT INTO "level_up_question_options" ("id", "question_id", "option_key", "text", "is_correct") VALUES (15, 4, 'c', 'にん', true);
INSERT INTO "level_up_question_options" ("id", "question_id", "option_key", "text", "is_correct") VALUES (16, 4, 'd', 'ひき', false);
INSERT INTO "level_up_question_options" ("id", "question_id", "option_key", "text", "is_correct") VALUES (17, 5, 'a', 'かいもの', true);
INSERT INTO "level_up_question_options" ("id", "question_id", "option_key", "text", "is_correct") VALUES (18, 5, 'b', 'かいものを', false);
INSERT INTO "level_up_question_options" ("id", "question_id", "option_key", "text", "is_correct") VALUES (19, 5, 'c', 'かいものが', false);
INSERT INTO "level_up_question_options" ("id", "question_id", "option_key", "text", "is_correct") VALUES (20, 5, 'd', 'かいもので', false);
INSERT INTO "level_up_question_options" ("id", "question_id", "option_key", "text", "is_correct") VALUES (21, 6, 'a', 'すみません', false);
INSERT INTO "level_up_question_options" ("id", "question_id", "option_key", "text", "is_correct") VALUES (22, 6, 'b', 'どうも', false);
INSERT INTO "level_up_question_options" ("id", "question_id", "option_key", "text", "is_correct") VALUES (23, 6, 'c', 'はい', true);
INSERT INTO "level_up_question_options" ("id", "question_id", "option_key", "text", "is_correct") VALUES (24, 6, 'd', 'いいえ', false);
INSERT INTO "level_up_question_options" ("id", "question_id", "option_key", "text", "is_correct") VALUES (25, 7, 'a', 'よむ', true);
INSERT INTO "level_up_question_options" ("id", "question_id", "option_key", "text", "is_correct") VALUES (26, 7, 'b', 'よみ', false);
INSERT INTO "level_up_question_options" ("id", "question_id", "option_key", "text", "is_correct") VALUES (27, 7, 'c', 'よんで', false);
INSERT INTO "level_up_question_options" ("id", "question_id", "option_key", "text", "is_correct") VALUES (28, 7, 'd', 'よみます', false);
INSERT INTO "level_up_question_options" ("id", "question_id", "option_key", "text", "is_correct") VALUES (29, 8, 'a', 'じょうず', true);
INSERT INTO "level_up_question_options" ("id", "question_id", "option_key", "text", "is_correct") VALUES (30, 8, 'b', 'へた', false);
INSERT INTO "level_up_question_options" ("id", "question_id", "option_key", "text", "is_correct") VALUES (31, 8, 'c', 'ひま', false);
INSERT INTO "level_up_question_options" ("id", "question_id", "option_key", "text", "is_correct") VALUES (32, 8, 'd', 'きれい', false);
INSERT INTO "level_up_question_options" ("id", "question_id", "option_key", "text", "is_correct") VALUES (33, 9, 'a', 'が', false);
INSERT INTO "level_up_question_options" ("id", "question_id", "option_key", "text", "is_correct") VALUES (34, 9, 'b', 'で', false);
INSERT INTO "level_up_question_options" ("id", "question_id", "option_key", "text", "is_correct") VALUES (35, 9, 'c', 'に', true);
INSERT INTO "level_up_question_options" ("id", "question_id", "option_key", "text", "is_correct") VALUES (36, 9, 'd', 'を', false);
INSERT INTO "level_up_question_options" ("id", "question_id", "option_key", "text", "is_correct") VALUES (37, 10, 'a', 'あつい', false);
INSERT INTO "level_up_question_options" ("id", "question_id", "option_key", "text", "is_correct") VALUES (38, 10, 'b', 'あつく', false);
INSERT INTO "level_up_question_options" ("id", "question_id", "option_key", "text", "is_correct") VALUES (39, 10, 'c', 'あつかった', true);
INSERT INTO "level_up_question_options" ("id", "question_id", "option_key", "text", "is_correct") VALUES (40, 10, 'd', 'あついです', false);
INSERT INTO "level_up_question_options" ("id", "question_id", "option_key", "text", "is_correct") VALUES (41, 11, 'a', 'ごちそうさま', false);
INSERT INTO "level_up_question_options" ("id", "question_id", "option_key", "text", "is_correct") VALUES (42, 11, 'b', 'いただきます', false);
INSERT INTO "level_up_question_options" ("id", "question_id", "option_key", "text", "is_correct") VALUES (43, 11, 'c', 'すみません', true);
INSERT INTO "level_up_question_options" ("id", "question_id", "option_key", "text", "is_correct") VALUES (44, 11, 'd', 'おめでとう', false);
INSERT INTO "level_up_question_options" ("id", "question_id", "option_key", "text", "is_correct") VALUES (45, 12, 'a', 'が', true);
INSERT INTO "level_up_question_options" ("id", "question_id", "option_key", "text", "is_correct") VALUES (46, 12, 'b', 'で', false);
INSERT INTO "level_up_question_options" ("id", "question_id", "option_key", "text", "is_correct") VALUES (47, 12, 'c', 'に', false);
INSERT INTO "level_up_question_options" ("id", "question_id", "option_key", "text", "is_correct") VALUES (48, 12, 'd', 'を', false);
INSERT INTO "level_up_question_options" ("id", "question_id", "option_key", "text", "is_correct") VALUES (49, 13, 'a', 'やさしくて', false);
INSERT INTO "level_up_question_options" ("id", "question_id", "option_key", "text", "is_correct") VALUES (50, 13, 'b', 'すくなくて', false);
INSERT INTO "level_up_question_options" ("id", "question_id", "option_key", "text", "is_correct") VALUES (51, 13, 'c', 'おおくて', true);
INSERT INTO "level_up_question_options" ("id", "question_id", "option_key", "text", "is_correct") VALUES (52, 13, 'd', 'うるさくて', false);
INSERT INTO "level_up_question_options" ("id", "question_id", "option_key", "text", "is_correct") VALUES (53, 14, 'a', 'すんで', false);
INSERT INTO "level_up_question_options" ("id", "question_id", "option_key", "text", "is_correct") VALUES (54, 14, 'b', 'すみます', false);
INSERT INTO "level_up_question_options" ("id", "question_id", "option_key", "text", "is_correct") VALUES (55, 14, 'c', 'すんでいます', true);
INSERT INTO "level_up_question_options" ("id", "question_id", "option_key", "text", "is_correct") VALUES (56, 14, 'd', 'すんでいました', false);
INSERT INTO "level_up_question_options" ("id", "question_id", "option_key", "text", "is_correct") VALUES (57, 15, 'a', 'すわって', true);
INSERT INTO "level_up_question_options" ("id", "question_id", "option_key", "text", "is_correct") VALUES (58, 15, 'b', 'すわらないで', false);
INSERT INTO "level_up_question_options" ("id", "question_id", "option_key", "text", "is_correct") VALUES (59, 15, 'c', 'すわります', false);
INSERT INTO "level_up_question_options" ("id", "question_id", "option_key", "text", "is_correct") VALUES (60, 15, 'd', 'すわった', false);
INSERT INTO "level_up_question_options" ("id", "question_id", "option_key", "text", "is_correct") VALUES (61, 16, 'a', 'はたらき', false);
INSERT INTO "level_up_question_options" ("id", "question_id", "option_key", "text", "is_correct") VALUES (62, 16, 'b', 'はたらく', false);
INSERT INTO "level_up_question_options" ("id", "question_id", "option_key", "text", "is_correct") VALUES (63, 16, 'c', 'はたらいて', false);
INSERT INTO "level_up_question_options" ("id", "question_id", "option_key", "text", "is_correct") VALUES (64, 16, 'd', 'はたらいて', true);
INSERT INTO "level_up_question_options" ("id", "question_id", "option_key", "text", "is_correct") VALUES (65, 17, 'a', 'ふると', false);
INSERT INTO "level_up_question_options" ("id", "question_id", "option_key", "text", "is_correct") VALUES (66, 17, 'b', 'ふって', false);
INSERT INTO "level_up_question_options" ("id", "question_id", "option_key", "text", "is_correct") VALUES (67, 17, 'c', 'ふったので', true);
INSERT INTO "level_up_question_options" ("id", "question_id", "option_key", "text", "is_correct") VALUES (68, 17, 'd', 'ふるから', false);
INSERT INTO "level_up_question_options" ("id", "question_id", "option_key", "text", "is_correct") VALUES (69, 18, 'a', 'した', true);
INSERT INTO "level_up_question_options" ("id", "question_id", "option_key", "text", "is_correct") VALUES (70, 18, 'b', 'します', false);
INSERT INTO "level_up_question_options" ("id", "question_id", "option_key", "text", "is_correct") VALUES (71, 18, 'c', 'している', false);
INSERT INTO "level_up_question_options" ("id", "question_id", "option_key", "text", "is_correct") VALUES (72, 18, 'd', 'しない', false);
INSERT INTO "level_up_question_options" ("id", "question_id", "option_key", "text", "is_correct") VALUES (73, 19, 'a', 'たべました', false);
INSERT INTO "level_up_question_options" ("id", "question_id", "option_key", "text", "is_correct") VALUES (74, 19, 'b', 'たべていません', true);
INSERT INTO "level_up_question_options" ("id", "question_id", "option_key", "text", "is_correct") VALUES (75, 19, 'c', 'たべませんでした', false);
INSERT INTO "level_up_question_options" ("id", "question_id", "option_key", "text", "is_correct") VALUES (76, 19, 'd', 'たべないです', false);
INSERT INTO "level_up_question_options" ("id", "question_id", "option_key", "text", "is_correct") VALUES (77, 20, 'a', 'に', false);
INSERT INTO "level_up_question_options" ("id", "question_id", "option_key", "text", "is_correct") VALUES (78, 20, 'b', 'かも', false);
INSERT INTO "level_up_question_options" ("id", "question_id", "option_key", "text", "is_correct") VALUES (79, 20, 'c', 'かもしれない', false);
INSERT INTO "level_up_question_options" ("id", "question_id", "option_key", "text", "is_correct") VALUES (80, 20, 'd', 'かもしれません', true);
INSERT INTO "level_up_question_options" ("id", "question_id", "option_key", "text", "is_correct") VALUES (81, 21, 'a', 'だから', false);
INSERT INTO "level_up_question_options" ("id", "question_id", "option_key", "text", "is_correct") VALUES (82, 21, 'b', 'でも', false);
INSERT INTO "level_up_question_options" ("id", "question_id", "option_key", "text", "is_correct") VALUES (83, 21, 'c', 'まあ', true);
INSERT INTO "level_up_question_options" ("id", "question_id", "option_key", "text", "is_correct") VALUES (84, 21, 'd', 'じゃあ', false);
INSERT INTO "level_up_question_options" ("id", "question_id", "option_key", "text", "is_correct") VALUES (85, 22, 'a', 'すみませんが', true);
INSERT INTO "level_up_question_options" ("id", "question_id", "option_key", "text", "is_correct") VALUES (86, 22, 'b', 'ありがとうございます', false);
INSERT INTO "level_up_question_options" ("id", "question_id", "option_key", "text", "is_correct") VALUES (87, 22, 'c', 'そうですね', false);
INSERT INTO "level_up_question_options" ("id", "question_id", "option_key", "text", "is_correct") VALUES (88, 22, 'd', 'いいですよ', false);
INSERT INTO "level_up_question_options" ("id", "question_id", "option_key", "text", "is_correct") VALUES (89, 23, 'a', 'ふっても', false);
INSERT INTO "level_up_question_options" ("id", "question_id", "option_key", "text", "is_correct") VALUES (90, 23, 'b', 'ふらなくても', true);
INSERT INTO "level_up_question_options" ("id", "question_id", "option_key", "text", "is_correct") VALUES (91, 23, 'c', 'ふれば', false);
INSERT INTO "level_up_question_options" ("id", "question_id", "option_key", "text", "is_correct") VALUES (92, 23, 'd', 'ふらなければ', false);
INSERT INTO "level_up_question_options" ("id", "question_id", "option_key", "text", "is_correct") VALUES (93, 24, 'a', 'だけ', false);
INSERT INTO "level_up_question_options" ("id", "question_id", "option_key", "text", "is_correct") VALUES (94, 24, 'b', 'でも', true);
INSERT INTO "level_up_question_options" ("id", "question_id", "option_key", "text", "is_correct") VALUES (95, 24, 'c', 'に', false);
INSERT INTO "level_up_question_options" ("id", "question_id", "option_key", "text", "is_correct") VALUES (96, 24, 'd', 'さえ', false);
INSERT INTO "level_up_question_options" ("id", "question_id", "option_key", "text", "is_correct") VALUES (97, 25, 'a', 'ひく', true);
INSERT INTO "level_up_question_options" ("id", "question_id", "option_key", "text", "is_correct") VALUES (98, 25, 'b', 'ひいて', false);
INSERT INTO "level_up_question_options" ("id", "question_id", "option_key", "text", "is_correct") VALUES (99, 25, 'c', 'ひくの', false);
INSERT INTO "level_up_question_options" ("id", "question_id", "option_key", "text", "is_correct") VALUES (100, 25, 'd', 'ひきます', false);
INSERT INTO "level_up_question_options" ("id", "question_id", "option_key", "text", "is_correct") VALUES (101, 26, 'a', '一人', false);
INSERT INTO "level_up_question_options" ("id", "question_id", "option_key", "text", "is_correct") VALUES (102, 26, 'b', '友だち', false);
INSERT INTO "level_up_question_options" ("id", "question_id", "option_key", "text", "is_correct") VALUES (103, 26, 'c', '家族', true);
INSERT INTO "level_up_question_options" ("id", "question_id", "option_key", "text", "is_correct") VALUES (104, 26, 'd', '会社の人', false);
INSERT INTO "level_up_question_options" ("id", "question_id", "option_key", "text", "is_correct") VALUES (105, 27, 'a', 'のると', false);
INSERT INTO "level_up_question_options" ("id", "question_id", "option_key", "text", "is_correct") VALUES (106, 27, 'b', 'のって', false);
INSERT INTO "level_up_question_options" ("id", "question_id", "option_key", "text", "is_correct") VALUES (107, 27, 'c', 'のれば', true);
INSERT INTO "level_up_question_options" ("id", "question_id", "option_key", "text", "is_correct") VALUES (108, 27, 'd', 'のっても', false);
INSERT INTO "level_up_question_options" ("id", "question_id", "option_key", "text", "is_correct") VALUES (109, 28, 'a', 'ので', false);
INSERT INTO "level_up_question_options" ("id", "question_id", "option_key", "text", "is_correct") VALUES (110, 28, 'b', 'ように', true);
INSERT INTO "level_up_question_options" ("id", "question_id", "option_key", "text", "is_correct") VALUES (111, 28, 'c', 'から', false);
INSERT INTO "level_up_question_options" ("id", "question_id", "option_key", "text", "is_correct") VALUES (112, 28, 'd', 'ために', false);
INSERT INTO "level_up_question_options" ("id", "question_id", "option_key", "text", "is_correct") VALUES (113, 29, 'a', 'まい', false);
INSERT INTO "level_up_question_options" ("id", "question_id", "option_key", "text", "is_correct") VALUES (114, 29, 'b', 'さつ', true);
INSERT INTO "level_up_question_options" ("id", "question_id", "option_key", "text", "is_correct") VALUES (115, 29, 'c', 'だい', false);
INSERT INTO "level_up_question_options" ("id", "question_id", "option_key", "text", "is_correct") VALUES (116, 29, 'd', 'こ', false);
INSERT INTO "level_up_question_options" ("id", "question_id", "option_key", "text", "is_correct") VALUES (117, 30, 'a', 'ひまになりそうだ', false);
INSERT INTO "level_up_question_options" ("id", "question_id", "option_key", "text", "is_correct") VALUES (118, 30, 'b', '仕事をやめそうだ', false);
INSERT INTO "level_up_question_options" ("id", "question_id", "option_key", "text", "is_correct") VALUES (119, 30, 'c', 'いそがしくなりそうだ', true);
INSERT INTO "level_up_question_options" ("id", "question_id", "option_key", "text", "is_correct") VALUES (120, 30, 'd', '旅行に行きそうだ', false);
INSERT INTO "level_up_question_options" ("id", "question_id", "option_key", "text", "is_correct") VALUES (121, 31, 'a', 'らしい', true);
INSERT INTO "level_up_question_options" ("id", "question_id", "option_key", "text", "is_correct") VALUES (122, 31, 'b', 'よう', false);
INSERT INTO "level_up_question_options" ("id", "question_id", "option_key", "text", "is_correct") VALUES (123, 31, 'c', 'そう', false);
INSERT INTO "level_up_question_options" ("id", "question_id", "option_key", "text", "is_correct") VALUES (124, 31, 'd', 'こと', false);
INSERT INTO "level_up_question_options" ("id", "question_id", "option_key", "text", "is_correct") VALUES (125, 32, 'a', 'ことになった', false);
INSERT INTO "level_up_question_options" ("id", "question_id", "option_key", "text", "is_correct") VALUES (126, 32, 'b', 'ことにした', false);
INSERT INTO "level_up_question_options" ("id", "question_id", "option_key", "text", "is_correct") VALUES (127, 32, 'c', 'のではないか', true);
INSERT INTO "level_up_question_options" ("id", "question_id", "option_key", "text", "is_correct") VALUES (128, 32, 'd', 'らしい', false);
INSERT INTO "level_up_question_options" ("id", "question_id", "option_key", "text", "is_correct") VALUES (129, 33, 'a', 'おいて', false);
INSERT INTO "level_up_question_options" ("id", "question_id", "option_key", "text", "is_correct") VALUES (130, 33, 'b', 'しまって', true);
INSERT INTO "level_up_question_options" ("id", "question_id", "option_key", "text", "is_correct") VALUES (131, 33, 'c', 'もらって', false);
INSERT INTO "level_up_question_options" ("id", "question_id", "option_key", "text", "is_correct") VALUES (132, 33, 'd', 'あげて', false);
INSERT INTO "level_up_question_options" ("id", "question_id", "option_key", "text", "is_correct") VALUES (133, 34, 'a', 'する', true);
INSERT INTO "level_up_question_options" ("id", "question_id", "option_key", "text", "is_correct") VALUES (134, 34, 'b', 'なった', false);
INSERT INTO "level_up_question_options" ("id", "question_id", "option_key", "text", "is_correct") VALUES (135, 34, 'c', 'している', false);
INSERT INTO "level_up_question_options" ("id", "question_id", "option_key", "text", "is_correct") VALUES (136, 34, 'd', 'なっている', false);
INSERT INTO "level_up_question_options" ("id", "question_id", "option_key", "text", "is_correct") VALUES (137, 35, 'a', 'ので', false);
INSERT INTO "level_up_question_options" ("id", "question_id", "option_key", "text", "is_correct") VALUES (138, 35, 'b', '以来', true);
INSERT INTO "level_up_question_options" ("id", "question_id", "option_key", "text", "is_correct") VALUES (139, 35, 'c', 'うちに', false);
INSERT INTO "level_up_question_options" ("id", "question_id", "option_key", "text", "is_correct") VALUES (140, 35, 'd', 'ところ', false);
INSERT INTO "level_up_question_options" ("id", "question_id", "option_key", "text", "is_correct") VALUES (141, 36, 'a', '一人で勉強しただけだ', false);
INSERT INTO "level_up_question_options" ("id", "question_id", "option_key", "text", "is_correct") VALUES (142, 36, 'b', '日本人の友達と話したりした', true);
INSERT INTO "level_up_question_options" ("id", "question_id", "option_key", "text", "is_correct") VALUES (143, 36, 'c', '日本語の本を読まなかった', false);
INSERT INTO "level_up_question_options" ("id", "question_id", "option_key", "text", "is_correct") VALUES (144, 36, 'd', '勉強するのをやめた', false);
INSERT INTO "level_up_question_options" ("id", "question_id", "option_key", "text", "is_correct") VALUES (145, 37, 'a', 'まだ読んでいません', true);
INSERT INTO "level_up_question_options" ("id", "question_id", "option_key", "text", "is_correct") VALUES (146, 37, 'b', 'もう読みません', false);
INSERT INTO "level_up_question_options" ("id", "question_id", "option_key", "text", "is_correct") VALUES (147, 37, 'c', 'まだ読みませんでした', false);
INSERT INTO "level_up_question_options" ("id", "question_id", "option_key", "text", "is_correct") VALUES (148, 37, 'd', 'もう読んでいません', false);
INSERT INTO "level_up_question_options" ("id", "question_id", "option_key", "text", "is_correct") VALUES (149, 38, 'a', 'まで', false);
INSERT INTO "level_up_question_options" ("id", "question_id", "option_key", "text", "is_correct") VALUES (150, 38, 'b', 'など', false);
INSERT INTO "level_up_question_options" ("id", "question_id", "option_key", "text", "is_correct") VALUES (151, 38, 'c', 'さえ', false);
INSERT INTO "level_up_question_options" ("id", "question_id", "option_key", "text", "is_correct") VALUES (152, 38, 'd', 'も', true);
INSERT INTO "level_up_question_options" ("id", "question_id", "option_key", "text", "is_correct") VALUES (153, 39, 'a', '１回', false);
INSERT INTO "level_up_question_options" ("id", "question_id", "option_key", "text", "is_correct") VALUES (154, 39, 'b', '２回', false);
INSERT INTO "level_up_question_options" ("id", "question_id", "option_key", "text", "is_correct") VALUES (155, 39, 'c', '３回', true);
INSERT INTO "level_up_question_options" ("id", "question_id", "option_key", "text", "is_correct") VALUES (156, 39, 'd', '４回', false);
INSERT INTO "level_up_question_options" ("id", "question_id", "option_key", "text", "is_correct") VALUES (157, 40, 'a', '日本語の勉強をやめる', false);
INSERT INTO "level_up_question_options" ("id", "question_id", "option_key", "text", "is_correct") VALUES (158, 40, 'b', '毎日少しだけでも勉強を続ける', true);
INSERT INTO "level_up_question_options" ("id", "question_id", "option_key", "text", "is_correct") VALUES (159, 40, 'c', '仕事をやめて日本語を勉強する', false);
INSERT INTO "level_up_question_options" ("id", "question_id", "option_key", "text", "is_correct") VALUES (160, 40, 'd', '日本語ではなく英語を勉強する', false);
INSERT INTO "level_up_question_options" ("id", "question_id", "option_key", "text", "is_correct") VALUES (161, 41, 'a', 'わたし', false);
INSERT INTO "level_up_question_options" ("id", "question_id", "option_key", "text", "is_correct") VALUES (162, 41, 'b', 'わたしの', true);
INSERT INTO "level_up_question_options" ("id", "question_id", "option_key", "text", "is_correct") VALUES (163, 41, 'c', 'わたしを', false);
INSERT INTO "level_up_question_options" ("id", "question_id", "option_key", "text", "is_correct") VALUES (164, 41, 'd', 'わたしが', false);
INSERT INTO "level_up_question_options" ("id", "question_id", "option_key", "text", "is_correct") VALUES (165, 42, 'a', 'なんじ', true);
INSERT INTO "level_up_question_options" ("id", "question_id", "option_key", "text", "is_correct") VALUES (166, 42, 'b', 'なんにち', false);
INSERT INTO "level_up_question_options" ("id", "question_id", "option_key", "text", "is_correct") VALUES (167, 42, 'c', 'なんさい', false);
INSERT INTO "level_up_question_options" ("id", "question_id", "option_key", "text", "is_correct") VALUES (168, 42, 'd', 'なんがつ', false);
INSERT INTO "level_up_question_options" ("id", "question_id", "option_key", "text", "is_correct") VALUES (169, 43, 'a', 'ねます', false);
INSERT INTO "level_up_question_options" ("id", "question_id", "option_key", "text", "is_correct") VALUES (170, 43, 'b', 'おきます', true);
INSERT INTO "level_up_question_options" ("id", "question_id", "option_key", "text", "is_correct") VALUES (171, 43, 'c', 'いきます', false);
INSERT INTO "level_up_question_options" ("id", "question_id", "option_key", "text", "is_correct") VALUES (172, 43, 'd', 'たべます', false);
INSERT INTO "level_up_question_options" ("id", "question_id", "option_key", "text", "is_correct") VALUES (173, 44, 'a', 'まい', false);
INSERT INTO "level_up_question_options" ("id", "question_id", "option_key", "text", "is_correct") VALUES (174, 44, 'b', 'さつ', false);
INSERT INTO "level_up_question_options" ("id", "question_id", "option_key", "text", "is_correct") VALUES (175, 44, 'c', 'にん', true);
INSERT INTO "level_up_question_options" ("id", "question_id", "option_key", "text", "is_correct") VALUES (176, 44, 'd', 'ひき', false);
INSERT INTO "level_up_question_options" ("id", "question_id", "option_key", "text", "is_correct") VALUES (177, 45, 'a', 'かいもの', true);
INSERT INTO "level_up_question_options" ("id", "question_id", "option_key", "text", "is_correct") VALUES (178, 45, 'b', 'かいものを', false);
INSERT INTO "level_up_question_options" ("id", "question_id", "option_key", "text", "is_correct") VALUES (179, 45, 'c', 'かいものが', false);
INSERT INTO "level_up_question_options" ("id", "question_id", "option_key", "text", "is_correct") VALUES (180, 45, 'd', 'かいもので', false);
INSERT INTO "level_up_question_options" ("id", "question_id", "option_key", "text", "is_correct") VALUES (181, 46, 'a', 'すみません', false);
INSERT INTO "level_up_question_options" ("id", "question_id", "option_key", "text", "is_correct") VALUES (182, 46, 'b', 'どうも', false);
INSERT INTO "level_up_question_options" ("id", "question_id", "option_key", "text", "is_correct") VALUES (183, 46, 'c', 'はい', true);
INSERT INTO "level_up_question_options" ("id", "question_id", "option_key", "text", "is_correct") VALUES (184, 46, 'd', 'いいえ', false);
INSERT INTO "level_up_question_options" ("id", "question_id", "option_key", "text", "is_correct") VALUES (185, 47, 'a', 'よむ', true);
INSERT INTO "level_up_question_options" ("id", "question_id", "option_key", "text", "is_correct") VALUES (186, 47, 'b', 'よみ', false);
INSERT INTO "level_up_question_options" ("id", "question_id", "option_key", "text", "is_correct") VALUES (187, 47, 'c', 'よんで', false);
INSERT INTO "level_up_question_options" ("id", "question_id", "option_key", "text", "is_correct") VALUES (188, 47, 'd', 'よみます', false);
INSERT INTO "level_up_question_options" ("id", "question_id", "option_key", "text", "is_correct") VALUES (189, 48, 'a', 'じょうず', true);
INSERT INTO "level_up_question_options" ("id", "question_id", "option_key", "text", "is_correct") VALUES (190, 48, 'b', 'へた', false);
INSERT INTO "level_up_question_options" ("id", "question_id", "option_key", "text", "is_correct") VALUES (191, 48, 'c', 'ひま', false);
INSERT INTO "level_up_question_options" ("id", "question_id", "option_key", "text", "is_correct") VALUES (192, 48, 'd', 'きれい', false);
INSERT INTO "level_up_question_options" ("id", "question_id", "option_key", "text", "is_correct") VALUES (193, 49, 'a', 'が', false);
INSERT INTO "level_up_question_options" ("id", "question_id", "option_key", "text", "is_correct") VALUES (194, 49, 'b', 'で', false);
INSERT INTO "level_up_question_options" ("id", "question_id", "option_key", "text", "is_correct") VALUES (195, 49, 'c', 'に', true);
INSERT INTO "level_up_question_options" ("id", "question_id", "option_key", "text", "is_correct") VALUES (196, 49, 'd', 'を', false);
INSERT INTO "level_up_question_options" ("id", "question_id", "option_key", "text", "is_correct") VALUES (197, 50, 'a', 'あつい', false);
INSERT INTO "level_up_question_options" ("id", "question_id", "option_key", "text", "is_correct") VALUES (198, 50, 'b', 'あつく', false);
INSERT INTO "level_up_question_options" ("id", "question_id", "option_key", "text", "is_correct") VALUES (199, 50, 'c', 'あつかった', true);
INSERT INTO "level_up_question_options" ("id", "question_id", "option_key", "text", "is_correct") VALUES (200, 50, 'd', 'あついです', false);
INSERT INTO "level_up_question_options" ("id", "question_id", "option_key", "text", "is_correct") VALUES (201, 51, 'a', 'ごちそうさま', false);
INSERT INTO "level_up_question_options" ("id", "question_id", "option_key", "text", "is_correct") VALUES (202, 51, 'b', 'いただきます', false);
INSERT INTO "level_up_question_options" ("id", "question_id", "option_key", "text", "is_correct") VALUES (203, 51, 'c', 'すみません', true);
INSERT INTO "level_up_question_options" ("id", "question_id", "option_key", "text", "is_correct") VALUES (204, 51, 'd', 'おめでとう', false);
INSERT INTO "level_up_question_options" ("id", "question_id", "option_key", "text", "is_correct") VALUES (205, 52, 'a', 'が', true);
INSERT INTO "level_up_question_options" ("id", "question_id", "option_key", "text", "is_correct") VALUES (206, 52, 'b', 'で', false);
INSERT INTO "level_up_question_options" ("id", "question_id", "option_key", "text", "is_correct") VALUES (207, 52, 'c', 'に', false);
INSERT INTO "level_up_question_options" ("id", "question_id", "option_key", "text", "is_correct") VALUES (208, 52, 'd', 'を', false);
INSERT INTO "level_up_question_options" ("id", "question_id", "option_key", "text", "is_correct") VALUES (209, 53, 'a', 'やさしくて', false);
INSERT INTO "level_up_question_options" ("id", "question_id", "option_key", "text", "is_correct") VALUES (210, 53, 'b', 'すくなくて', false);
INSERT INTO "level_up_question_options" ("id", "question_id", "option_key", "text", "is_correct") VALUES (211, 53, 'c', 'おおくて', true);
INSERT INTO "level_up_question_options" ("id", "question_id", "option_key", "text", "is_correct") VALUES (212, 53, 'd', 'うるさくて', false);
INSERT INTO "level_up_question_options" ("id", "question_id", "option_key", "text", "is_correct") VALUES (213, 54, 'a', 'すんで', false);
INSERT INTO "level_up_question_options" ("id", "question_id", "option_key", "text", "is_correct") VALUES (214, 54, 'b', 'すみます', false);
INSERT INTO "level_up_question_options" ("id", "question_id", "option_key", "text", "is_correct") VALUES (215, 54, 'c', 'すんでいます', true);
INSERT INTO "level_up_question_options" ("id", "question_id", "option_key", "text", "is_correct") VALUES (216, 54, 'd', 'すんでいました', false);
INSERT INTO "level_up_question_options" ("id", "question_id", "option_key", "text", "is_correct") VALUES (217, 55, 'a', 'すわって', true);
INSERT INTO "level_up_question_options" ("id", "question_id", "option_key", "text", "is_correct") VALUES (218, 55, 'b', 'すわらないで', false);
INSERT INTO "level_up_question_options" ("id", "question_id", "option_key", "text", "is_correct") VALUES (219, 55, 'c', 'すわります', false);
INSERT INTO "level_up_question_options" ("id", "question_id", "option_key", "text", "is_correct") VALUES (220, 55, 'd', 'すわった', false);
INSERT INTO "level_up_question_options" ("id", "question_id", "option_key", "text", "is_correct") VALUES (221, 56, 'a', 'はたらき', false);
INSERT INTO "level_up_question_options" ("id", "question_id", "option_key", "text", "is_correct") VALUES (222, 56, 'b', 'はたらく', false);
INSERT INTO "level_up_question_options" ("id", "question_id", "option_key", "text", "is_correct") VALUES (223, 56, 'c', 'はたらいて', false);
INSERT INTO "level_up_question_options" ("id", "question_id", "option_key", "text", "is_correct") VALUES (224, 56, 'd', 'はたらいて', true);
INSERT INTO "level_up_question_options" ("id", "question_id", "option_key", "text", "is_correct") VALUES (225, 57, 'a', 'ふると', false);
INSERT INTO "level_up_question_options" ("id", "question_id", "option_key", "text", "is_correct") VALUES (226, 57, 'b', 'ふって', false);
INSERT INTO "level_up_question_options" ("id", "question_id", "option_key", "text", "is_correct") VALUES (227, 57, 'c', 'ふったので', true);
INSERT INTO "level_up_question_options" ("id", "question_id", "option_key", "text", "is_correct") VALUES (228, 57, 'd', 'ふるから', false);
INSERT INTO "level_up_question_options" ("id", "question_id", "option_key", "text", "is_correct") VALUES (229, 58, 'a', 'した', true);
INSERT INTO "level_up_question_options" ("id", "question_id", "option_key", "text", "is_correct") VALUES (230, 58, 'b', 'します', false);
INSERT INTO "level_up_question_options" ("id", "question_id", "option_key", "text", "is_correct") VALUES (231, 58, 'c', 'している', false);
INSERT INTO "level_up_question_options" ("id", "question_id", "option_key", "text", "is_correct") VALUES (232, 58, 'd', 'しない', false);
INSERT INTO "level_up_question_options" ("id", "question_id", "option_key", "text", "is_correct") VALUES (233, 59, 'a', 'たべました', false);
INSERT INTO "level_up_question_options" ("id", "question_id", "option_key", "text", "is_correct") VALUES (234, 59, 'b', 'たべていません', true);
INSERT INTO "level_up_question_options" ("id", "question_id", "option_key", "text", "is_correct") VALUES (235, 59, 'c', 'たべませんでした', false);
INSERT INTO "level_up_question_options" ("id", "question_id", "option_key", "text", "is_correct") VALUES (236, 59, 'd', 'たべないです', false);
INSERT INTO "level_up_question_options" ("id", "question_id", "option_key", "text", "is_correct") VALUES (237, 60, 'a', 'に', false);
INSERT INTO "level_up_question_options" ("id", "question_id", "option_key", "text", "is_correct") VALUES (238, 60, 'b', 'かも', false);
INSERT INTO "level_up_question_options" ("id", "question_id", "option_key", "text", "is_correct") VALUES (239, 60, 'c', 'かもしれない', false);
INSERT INTO "level_up_question_options" ("id", "question_id", "option_key", "text", "is_correct") VALUES (240, 60, 'd', 'かもしれません', true);
INSERT INTO "level_up_question_options" ("id", "question_id", "option_key", "text", "is_correct") VALUES (241, 61, 'a', 'だから', false);
INSERT INTO "level_up_question_options" ("id", "question_id", "option_key", "text", "is_correct") VALUES (242, 61, 'b', 'でも', false);
INSERT INTO "level_up_question_options" ("id", "question_id", "option_key", "text", "is_correct") VALUES (243, 61, 'c', 'まあ', true);
INSERT INTO "level_up_question_options" ("id", "question_id", "option_key", "text", "is_correct") VALUES (244, 61, 'd', 'じゃあ', false);
INSERT INTO "level_up_question_options" ("id", "question_id", "option_key", "text", "is_correct") VALUES (245, 62, 'a', 'すみませんが', true);
INSERT INTO "level_up_question_options" ("id", "question_id", "option_key", "text", "is_correct") VALUES (246, 62, 'b', 'ありがとうございます', false);
INSERT INTO "level_up_question_options" ("id", "question_id", "option_key", "text", "is_correct") VALUES (247, 62, 'c', 'そうですね', false);
INSERT INTO "level_up_question_options" ("id", "question_id", "option_key", "text", "is_correct") VALUES (248, 62, 'd', 'いいですよ', false);
INSERT INTO "level_up_question_options" ("id", "question_id", "option_key", "text", "is_correct") VALUES (249, 63, 'a', 'ふっても', false);
INSERT INTO "level_up_question_options" ("id", "question_id", "option_key", "text", "is_correct") VALUES (250, 63, 'b', 'ふらなくても', true);
INSERT INTO "level_up_question_options" ("id", "question_id", "option_key", "text", "is_correct") VALUES (251, 63, 'c', 'ふれば', false);
INSERT INTO "level_up_question_options" ("id", "question_id", "option_key", "text", "is_correct") VALUES (252, 63, 'd', 'ふらなければ', false);
INSERT INTO "level_up_question_options" ("id", "question_id", "option_key", "text", "is_correct") VALUES (253, 64, 'a', 'だけ', false);
INSERT INTO "level_up_question_options" ("id", "question_id", "option_key", "text", "is_correct") VALUES (254, 64, 'b', 'でも', true);
INSERT INTO "level_up_question_options" ("id", "question_id", "option_key", "text", "is_correct") VALUES (255, 64, 'c', 'に', false);
INSERT INTO "level_up_question_options" ("id", "question_id", "option_key", "text", "is_correct") VALUES (256, 64, 'd', 'さえ', false);
INSERT INTO "level_up_question_options" ("id", "question_id", "option_key", "text", "is_correct") VALUES (257, 65, 'a', 'ひく', true);
INSERT INTO "level_up_question_options" ("id", "question_id", "option_key", "text", "is_correct") VALUES (258, 65, 'b', 'ひいて', false);
INSERT INTO "level_up_question_options" ("id", "question_id", "option_key", "text", "is_correct") VALUES (259, 65, 'c', 'ひくの', false);
INSERT INTO "level_up_question_options" ("id", "question_id", "option_key", "text", "is_correct") VALUES (260, 65, 'd', 'ひきます', false);
INSERT INTO "level_up_question_options" ("id", "question_id", "option_key", "text", "is_correct") VALUES (261, 66, 'a', '一人', false);
INSERT INTO "level_up_question_options" ("id", "question_id", "option_key", "text", "is_correct") VALUES (262, 66, 'b', '友だち', false);
INSERT INTO "level_up_question_options" ("id", "question_id", "option_key", "text", "is_correct") VALUES (263, 66, 'c', '家族', true);
INSERT INTO "level_up_question_options" ("id", "question_id", "option_key", "text", "is_correct") VALUES (264, 66, 'd', '会社の人', false);
INSERT INTO "level_up_question_options" ("id", "question_id", "option_key", "text", "is_correct") VALUES (265, 67, 'a', 'のると', false);
INSERT INTO "level_up_question_options" ("id", "question_id", "option_key", "text", "is_correct") VALUES (266, 67, 'b', 'のって', false);
INSERT INTO "level_up_question_options" ("id", "question_id", "option_key", "text", "is_correct") VALUES (267, 67, 'c', 'のれば', true);
INSERT INTO "level_up_question_options" ("id", "question_id", "option_key", "text", "is_correct") VALUES (268, 67, 'd', 'のっても', false);
INSERT INTO "level_up_question_options" ("id", "question_id", "option_key", "text", "is_correct") VALUES (269, 68, 'a', 'ので', false);
INSERT INTO "level_up_question_options" ("id", "question_id", "option_key", "text", "is_correct") VALUES (270, 68, 'b', 'ように', true);
INSERT INTO "level_up_question_options" ("id", "question_id", "option_key", "text", "is_correct") VALUES (271, 68, 'c', 'から', false);
INSERT INTO "level_up_question_options" ("id", "question_id", "option_key", "text", "is_correct") VALUES (272, 68, 'd', 'ために', false);
INSERT INTO "level_up_question_options" ("id", "question_id", "option_key", "text", "is_correct") VALUES (273, 69, 'a', 'まい', false);
INSERT INTO "level_up_question_options" ("id", "question_id", "option_key", "text", "is_correct") VALUES (274, 69, 'b', 'さつ', true);
INSERT INTO "level_up_question_options" ("id", "question_id", "option_key", "text", "is_correct") VALUES (275, 69, 'c', 'だい', false);
INSERT INTO "level_up_question_options" ("id", "question_id", "option_key", "text", "is_correct") VALUES (276, 69, 'd', 'こ', false);
INSERT INTO "level_up_question_options" ("id", "question_id", "option_key", "text", "is_correct") VALUES (277, 70, 'a', 'ひまになりそうだ', false);
INSERT INTO "level_up_question_options" ("id", "question_id", "option_key", "text", "is_correct") VALUES (278, 70, 'b', '仕事をやめそうだ', false);
INSERT INTO "level_up_question_options" ("id", "question_id", "option_key", "text", "is_correct") VALUES (279, 70, 'c', 'いそがしくなりそうだ', true);
INSERT INTO "level_up_question_options" ("id", "question_id", "option_key", "text", "is_correct") VALUES (280, 70, 'd', '旅行に行きそうだ', false);
INSERT INTO "level_up_question_options" ("id", "question_id", "option_key", "text", "is_correct") VALUES (281, 71, 'a', 'らしい', true);
INSERT INTO "level_up_question_options" ("id", "question_id", "option_key", "text", "is_correct") VALUES (282, 71, 'b', 'よう', false);
INSERT INTO "level_up_question_options" ("id", "question_id", "option_key", "text", "is_correct") VALUES (283, 71, 'c', 'そう', false);
INSERT INTO "level_up_question_options" ("id", "question_id", "option_key", "text", "is_correct") VALUES (284, 71, 'd', 'こと', false);
INSERT INTO "level_up_question_options" ("id", "question_id", "option_key", "text", "is_correct") VALUES (285, 72, 'a', 'ことになった', false);
INSERT INTO "level_up_question_options" ("id", "question_id", "option_key", "text", "is_correct") VALUES (286, 72, 'b', 'ことにした', false);
INSERT INTO "level_up_question_options" ("id", "question_id", "option_key", "text", "is_correct") VALUES (287, 72, 'c', 'のではないか', true);
INSERT INTO "level_up_question_options" ("id", "question_id", "option_key", "text", "is_correct") VALUES (288, 72, 'd', 'らしい', false);
INSERT INTO "level_up_question_options" ("id", "question_id", "option_key", "text", "is_correct") VALUES (289, 73, 'a', 'おいて', false);
INSERT INTO "level_up_question_options" ("id", "question_id", "option_key", "text", "is_correct") VALUES (290, 73, 'b', 'しまって', true);
INSERT INTO "level_up_question_options" ("id", "question_id", "option_key", "text", "is_correct") VALUES (291, 73, 'c', 'もらって', false);
INSERT INTO "level_up_question_options" ("id", "question_id", "option_key", "text", "is_correct") VALUES (292, 73, 'd', 'あげて', false);
INSERT INTO "level_up_question_options" ("id", "question_id", "option_key", "text", "is_correct") VALUES (293, 74, 'a', 'する', true);
INSERT INTO "level_up_question_options" ("id", "question_id", "option_key", "text", "is_correct") VALUES (294, 74, 'b', 'なった', false);
INSERT INTO "level_up_question_options" ("id", "question_id", "option_key", "text", "is_correct") VALUES (295, 74, 'c', 'している', false);
INSERT INTO "level_up_question_options" ("id", "question_id", "option_key", "text", "is_correct") VALUES (296, 74, 'd', 'なっている', false);
INSERT INTO "level_up_question_options" ("id", "question_id", "option_key", "text", "is_correct") VALUES (297, 75, 'a', 'ので', false);
INSERT INTO "level_up_question_options" ("id", "question_id", "option_key", "text", "is_correct") VALUES (298, 75, 'b', '以来', true);
INSERT INTO "level_up_question_options" ("id", "question_id", "option_key", "text", "is_correct") VALUES (299, 75, 'c', 'うちに', false);
INSERT INTO "level_up_question_options" ("id", "question_id", "option_key", "text", "is_correct") VALUES (300, 75, 'd', 'ところ', false);
INSERT INTO "level_up_question_options" ("id", "question_id", "option_key", "text", "is_correct") VALUES (301, 76, 'a', '一人で勉強しただけだ', false);
INSERT INTO "level_up_question_options" ("id", "question_id", "option_key", "text", "is_correct") VALUES (302, 76, 'b', '日本人の友達と話したりした', true);
INSERT INTO "level_up_question_options" ("id", "question_id", "option_key", "text", "is_correct") VALUES (303, 76, 'c', '日本語の本を読まなかった', false);
INSERT INTO "level_up_question_options" ("id", "question_id", "option_key", "text", "is_correct") VALUES (304, 76, 'd', '勉強するのをやめた', false);
INSERT INTO "level_up_question_options" ("id", "question_id", "option_key", "text", "is_correct") VALUES (305, 77, 'a', 'まだ読んでいません', true);
INSERT INTO "level_up_question_options" ("id", "question_id", "option_key", "text", "is_correct") VALUES (306, 77, 'b', 'もう読みません', false);
INSERT INTO "level_up_question_options" ("id", "question_id", "option_key", "text", "is_correct") VALUES (307, 77, 'c', 'まだ読みませんでした', false);
INSERT INTO "level_up_question_options" ("id", "question_id", "option_key", "text", "is_correct") VALUES (308, 77, 'd', 'もう読んでいません', false);
INSERT INTO "level_up_question_options" ("id", "question_id", "option_key", "text", "is_correct") VALUES (309, 78, 'a', 'まで', false);
INSERT INTO "level_up_question_options" ("id", "question_id", "option_key", "text", "is_correct") VALUES (310, 78, 'b', 'など', false);
INSERT INTO "level_up_question_options" ("id", "question_id", "option_key", "text", "is_correct") VALUES (311, 78, 'c', 'さえ', false);
INSERT INTO "level_up_question_options" ("id", "question_id", "option_key", "text", "is_correct") VALUES (312, 78, 'd', 'も', true);
INSERT INTO "level_up_question_options" ("id", "question_id", "option_key", "text", "is_correct") VALUES (313, 79, 'a', '１回', false);
INSERT INTO "level_up_question_options" ("id", "question_id", "option_key", "text", "is_correct") VALUES (314, 79, 'b', '２回', false);
INSERT INTO "level_up_question_options" ("id", "question_id", "option_key", "text", "is_correct") VALUES (315, 79, 'c', '３回', true);
INSERT INTO "level_up_question_options" ("id", "question_id", "option_key", "text", "is_correct") VALUES (316, 79, 'd', '４回', false);
INSERT INTO "level_up_question_options" ("id", "question_id", "option_key", "text", "is_correct") VALUES (317, 80, 'a', '日本語の勉強をやめる', false);
INSERT INTO "level_up_question_options" ("id", "question_id", "option_key", "text", "is_correct") VALUES (318, 80, 'b', '毎日少しだけでも勉強を続ける', true);
INSERT INTO "level_up_question_options" ("id", "question_id", "option_key", "text", "is_correct") VALUES (319, 80, 'c', '仕事をやめて日本語を勉強する', false);
INSERT INTO "level_up_question_options" ("id", "question_id", "option_key", "text", "is_correct") VALUES (320, 80, 'd', '日本語ではなく英語を勉強する', false);
SELECT setval(pg_get_serial_sequence('"level_up_question_options"', 'id'), COALESCE((SELECT MAX(id) FROM "level_up_question_options"),0)+1, false);

-- ============================================================
