-- Yumegoji seed PART 3/13 (run 01 -> 13 in order)
-- File: yumegoji_supabase_data_v2_part03.sql
-- game_score_configs (13 rows)
-- ============================================================
INSERT INTO "game_score_configs" ("id", "game_id", "base_score", "max_speed_bonus", "speed_bonus_threshold_ms", "combo_rules_json", "penalty_per_miss", "xu_base_reward", "exp_base_reward", "created_at", "updated_at") VALUES (1, 6, 100, 50, 3000, '[{"min_combo":2,"multiplier":1.2},{"min_combo":5,"multiplier":1.5},{"min_combo":10,"multiplier":2.0}]', 0, 10, 20, '2026-03-29T02:29:44.1028353', '2026-03-29T02:29:44.1028353');
INSERT INTO "game_score_configs" ("id", "game_id", "base_score", "max_speed_bonus", "speed_bonus_threshold_ms", "combo_rules_json", "penalty_per_miss", "xu_base_reward", "exp_base_reward", "created_at", "updated_at") VALUES (2, 7, 100, 50, 3000, '[{"min_combo":2,"multiplier":1.2},{"min_combo":5,"multiplier":1.5},{"min_combo":10,"multiplier":2.0}]', 0, 10, 20, '2026-03-29T02:29:44.1028353', '2026-03-29T02:29:44.1028353');
INSERT INTO "game_score_configs" ("id", "game_id", "base_score", "max_speed_bonus", "speed_bonus_threshold_ms", "combo_rules_json", "penalty_per_miss", "xu_base_reward", "exp_base_reward", "created_at", "updated_at") VALUES (3, 8, 100, 50, 3000, '[{"min_combo":2,"multiplier":1.2},{"min_combo":5,"multiplier":1.5},{"min_combo":10,"multiplier":2.0}]', 0, 10, 20, '2026-03-29T02:29:44.1028353', '2026-03-29T02:29:44.1028353');
INSERT INTO "game_score_configs" ("id", "game_id", "base_score", "max_speed_bonus", "speed_bonus_threshold_ms", "combo_rules_json", "penalty_per_miss", "xu_base_reward", "exp_base_reward", "created_at", "updated_at") VALUES (4, 9, 100, 50, 3000, '[{"min_combo":2,"multiplier":1.2},{"min_combo":5,"multiplier":1.5},{"min_combo":10,"multiplier":2.0}]', 0, 10, 20, '2026-03-29T02:29:44.1028353', '2026-03-29T02:29:44.1028353');
INSERT INTO "game_score_configs" ("id", "game_id", "base_score", "max_speed_bonus", "speed_bonus_threshold_ms", "combo_rules_json", "penalty_per_miss", "xu_base_reward", "exp_base_reward", "created_at", "updated_at") VALUES (5, 10, 100, 50, 3000, '[{"min_combo":2,"multiplier":1.2},{"min_combo":5,"multiplier":1.5},{"min_combo":10,"multiplier":2.0}]', 0, 10, 20, '2026-03-29T02:29:44.1028353', '2026-03-29T02:29:44.1028353');
INSERT INTO "game_score_configs" ("id", "game_id", "base_score", "max_speed_bonus", "speed_bonus_threshold_ms", "combo_rules_json", "penalty_per_miss", "xu_base_reward", "exp_base_reward", "created_at", "updated_at") VALUES (6, 12, 100, 50, 3000, '[{"min_combo":2,"multiplier":1.2},{"min_combo":5,"multiplier":1.5},{"min_combo":10,"multiplier":2.0}]', 0, 10, 20, '2026-03-29T02:29:44.1028353', '2026-03-29T02:29:44.1028353');
INSERT INTO "game_score_configs" ("id", "game_id", "base_score", "max_speed_bonus", "speed_bonus_threshold_ms", "combo_rules_json", "penalty_per_miss", "xu_base_reward", "exp_base_reward", "created_at", "updated_at") VALUES (7, 13, 100, 50, 3000, '[{"min_combo":2,"multiplier":1.2},{"min_combo":5,"multiplier":1.5},{"min_combo":10,"multiplier":2.0}]', 0, 10, 20, '2026-03-29T02:29:44.1028353', '2026-03-29T02:29:44.1028353');
INSERT INTO "game_score_configs" ("id", "game_id", "base_score", "max_speed_bonus", "speed_bonus_threshold_ms", "combo_rules_json", "penalty_per_miss", "xu_base_reward", "exp_base_reward", "created_at", "updated_at") VALUES (8, 11, 100, 30, 5000, '[{"min_combo":2,"multiplier":1.2},{"min_combo":5,"multiplier":1.5},{"min_combo":10,"multiplier":2.0}]', 0, 15, 25, '2026-03-29T02:29:44.1038321', '2026-03-29T02:29:44.1038321');
INSERT INTO "game_score_configs" ("id", "game_id", "base_score", "max_speed_bonus", "speed_bonus_threshold_ms", "combo_rules_json", "penalty_per_miss", "xu_base_reward", "exp_base_reward", "created_at", "updated_at") VALUES (9, 14, 100, 100, 2000, '[{"min_combo":2,"multiplier":1.2},{"min_combo":5,"multiplier":1.5},{"min_combo":10,"multiplier":2.0}]', 0, 15, 25, '2026-03-29T02:29:44.1048340', '2026-03-29T02:29:44.1048340');
INSERT INTO "game_score_configs" ("id", "game_id", "base_score", "max_speed_bonus", "speed_bonus_threshold_ms", "combo_rules_json", "penalty_per_miss", "xu_base_reward", "exp_base_reward", "created_at", "updated_at") VALUES (10, 1, 100, 50, 3000, '[{"min_combo":2,"multiplier":1.2},{"min_combo":5,"multiplier":1.5},{"min_combo":10,"multiplier":2.0}]', 0, 10, 20, '2026-03-29T05:53:37.8236048', '2026-03-29T05:53:37.8236048');
INSERT INTO "game_score_configs" ("id", "game_id", "base_score", "max_speed_bonus", "speed_bonus_threshold_ms", "combo_rules_json", "penalty_per_miss", "xu_base_reward", "exp_base_reward", "created_at", "updated_at") VALUES (11, 2, 100, 50, 3000, '[{"min_combo":2,"multiplier":1.2},{"min_combo":5,"multiplier":1.5},{"min_combo":10,"multiplier":2.0}]', 0, 10, 20, '2026-03-29T05:53:37.8246046', '2026-03-29T05:53:37.8246046');
INSERT INTO "game_score_configs" ("id", "game_id", "base_score", "max_speed_bonus", "speed_bonus_threshold_ms", "combo_rules_json", "penalty_per_miss", "xu_base_reward", "exp_base_reward", "created_at", "updated_at") VALUES (12, 15, 100, 50, 3000, '[{"min_combo":2,"multiplier":1.2},{"min_combo":5,"multiplier":1.5},{"min_combo":10,"multiplier":2.0}]', 0, 10, 20, '2026-03-29T05:53:37.8261169', '2026-03-29T05:53:37.8261169');
INSERT INTO "game_score_configs" ("id", "game_id", "base_score", "max_speed_bonus", "speed_bonus_threshold_ms", "combo_rules_json", "penalty_per_miss", "xu_base_reward", "exp_base_reward", "created_at", "updated_at") VALUES (13, 5, 100, 50, 3000, '[{"min_combo":2,"multiplier":1.2},{"min_combo":5,"multiplier":1.5},{"min_combo":10,"multiplier":2.0}]', 0, 10, 20, '2026-03-29T05:53:37.8261169', '2026-03-29T05:53:37.8261169');
SELECT setval(pg_get_serial_sequence('"game_score_configs"', 'id'), COALESCE((SELECT MAX(id) FROM "game_score_configs"),0)+1, false);

-- ============================================================
-- placement_tests (1 rows)
-- ============================================================
INSERT INTO "placement_tests" ("id", "title", "description", "total_questions", "duration_minutes", "is_active", "created_at", "updated_at") VALUES (1, 'Kiểm tra xếp lớp JLPT', 'Bài test giúp đánh giá trình độ N5/N4/N3 của bạn.', 20, 25, true, '2026-03-16T07:55:09.6617235', '2026-03-16T07:55:09.6617235');
SELECT setval(pg_get_serial_sequence('"placement_tests"', 'id'), COALESCE((SELECT MAX(id) FROM "placement_tests"),0)+1, false);

-- ============================================================
-- placement_questions (40 rows)
-- ============================================================
INSERT INTO "placement_questions" ("id", "level_label", "sort_order", "text") VALUES (1, 'N5', 1, 'これは＿＿ペンです。');
INSERT INTO "placement_questions" ("id", "level_label", "sort_order", "text") VALUES (2, 'N5', 2, 'いま、＿＿ですか。');
INSERT INTO "placement_questions" ("id", "level_label", "sort_order", "text") VALUES (3, 'N5', 3, 'わたしは毎日７時に＿＿。');
INSERT INTO "placement_questions" ("id", "level_label", "sort_order", "text") VALUES (4, 'N5', 4, '教室に学生が３０＿＿います。');
INSERT INTO "placement_questions" ("id", "level_label", "sort_order", "text") VALUES (5, 'N5', 5, '明日＿＿に行きます。');
INSERT INTO "placement_questions" ("id", "level_label", "sort_order", "text") VALUES (6, 'N5', 6, 'これはいくらですか。＿＿、１０００円です。');
INSERT INTO "placement_questions" ("id", "level_label", "sort_order", "text") VALUES (7, 'N5', 7, 'わたしのしゅみは本を＿＿ことです。');
INSERT INTO "placement_questions" ("id", "level_label", "sort_order", "text") VALUES (8, 'N5', 8, '山田さんは日本語がとても＿＿です。');
INSERT INTO "placement_questions" ("id", "level_label", "sort_order", "text") VALUES (9, 'N5', 9, '日曜日、どこ＿＿行きましたか。');
INSERT INTO "placement_questions" ("id", "level_label", "sort_order", "text") VALUES (10, 'N5', 10, 'きのうは＿＿でしたか。');
INSERT INTO "placement_questions" ("id", "level_label", "sort_order", "text") VALUES (11, 'N5', 11, '＿＿、もう一度言ってください。');
INSERT INTO "placement_questions" ("id", "level_label", "sort_order", "text") VALUES (12, 'N5', 12, 'わたしは日本のアニメ＿＿好きです。');
INSERT INTO "placement_questions" ("id", "level_label", "sort_order", "text") VALUES (13, 'N5', 13, 'きょうは仕事が＿＿、とてもつかれました。');
INSERT INTO "placement_questions" ("id", "level_label", "sort_order", "text") VALUES (14, 'N5', 14, '田中さんはどこに＿＿か。');
INSERT INTO "placement_questions" ("id", "level_label", "sort_order", "text") VALUES (15, 'N5', 15, '電車で＿＿ください。');
INSERT INTO "placement_questions" ("id", "level_label", "sort_order", "text") VALUES (16, 'N4', 16, '田中さんは今、日本で＿＿います。');
INSERT INTO "placement_questions" ("id", "level_label", "sort_order", "text") VALUES (17, 'N4', 17, '雨が＿＿、サッカーの試合は中止になりました。');
INSERT INTO "placement_questions" ("id", "level_label", "sort_order", "text") VALUES (18, 'N4', 18, 'きのうは本を読んだり、音楽を聞いたり＿＿。');
INSERT INTO "placement_questions" ("id", "level_label", "sort_order", "text") VALUES (19, 'N4', 19, 'まだ夕ごはんを＿＿。');
INSERT INTO "placement_questions" ("id", "level_label", "sort_order", "text") VALUES (20, 'N4', 20, '明日、雨が降る＿＿しれません。');
INSERT INTO "placement_questions" ("id", "level_label", "sort_order", "text") VALUES (21, 'N4', 21, 'A: 先生、宿題を忘れてしまいました。\nB: そうですか。＿＿、こんどは気をつけてくださいね。');
INSERT INTO "placement_questions" ("id", "level_label", "sort_order", "text") VALUES (22, 'N4', 22, 'A: いっしょに映画を見に行きませんか。\nB: ＿＿、今日は用事があります。');
INSERT INTO "placement_questions" ("id", "level_label", "sort_order", "text") VALUES (23, 'N4', 23, 'あした雨が＿＿、ハイキングに行きます。');
INSERT INTO "placement_questions" ("id", "level_label", "sort_order", "text") VALUES (24, 'N4', 24, 'これは日本人＿＿もむずかしい本です。');
INSERT INTO "placement_questions" ("id", "level_label", "sort_order", "text") VALUES (25, 'N4', 25, '兄はギターを＿＿ことができます。');
INSERT INTO "placement_questions" ("id", "level_label", "sort_order", "text") VALUES (26, 'N4', 26, '【読解】「田中さんは毎朝６時に起きて、朝ごはんを食べてから会社に行きます。週末はよく家族と買い物をします。」\n田中さんは＿＿と買い物をしますか。');
INSERT INTO "placement_questions" ("id", "level_label", "sort_order", "text") VALUES (27, 'N4', 27, '【会話】A: 駅までどうやって行きますか。\nB: このバスに＿＿行けますよ。');
INSERT INTO "placement_questions" ("id", "level_label", "sort_order", "text") VALUES (28, 'N4', 28, '【文法】日本語を上手に話せる＿＿、毎日練習しています。');
INSERT INTO "placement_questions" ("id", "level_label", "sort_order", "text") VALUES (29, 'N4', 29, '【語彙】１か月に日本語の本を何＿＿読みますか。');
INSERT INTO "placement_questions" ("id", "level_label", "sort_order", "text") VALUES (30, 'N4', 30, '【読解】「来週、会社で大きいプロジェクトが始まります。わたしはリーダーになったので、とても忙しくなりそうです。」\n筆者は来週からどうなりそうですか。');
INSERT INTO "placement_questions" ("id", "level_label", "sort_order", "text") VALUES (31, 'N3', 31, '日本では、春になると桜が咲く＿＿です。');
INSERT INTO "placement_questions" ("id", "level_label", "sort_order", "text") VALUES (32, 'N3', 32, 'そんなに夜遅くまでゲームをしていたら、体に悪い＿＿。');
INSERT INTO "placement_questions" ("id", "level_label", "sort_order", "text") VALUES (33, 'N3', 33, '大事な書類をなくして＿＿いました。');
INSERT INTO "placement_questions" ("id", "level_label", "sort_order", "text") VALUES (34, 'N3', 34, '健康のために、毎朝３０分歩くことに＿＿。');
INSERT INTO "placement_questions" ("id", "level_label", "sort_order", "text") VALUES (35, 'N3', 35, '彼は日本に来た＿＿、日本語が上手になった。');
INSERT INTO "placement_questions" ("id", "level_label", "sort_order", "text") VALUES (36, 'N3', 36, '【読解】「私は１０年前に日本へ留学しました。最初はほとんど日本語が話せませんでしたが、毎日ニュースを見たり、日本人の友達と話したりして、少しずつ上手になりました。」\n筆者はどうやって日本語が上手になりましたか。');
INSERT INTO "placement_questions" ("id", "level_label", "sort_order", "text") VALUES (37, 'N3', 37, '【会話】A: あの、新しいプロジェクトの資料、もう読みましたか。\nB: いいえ、＿＿。今日の午後読むつもりです。');
INSERT INTO "placement_questions" ("id", "level_label", "sort_order", "text") VALUES (38, 'N3', 38, '【文法】日本語だけでなく、英語＿＿勉強する必要があります。');
INSERT INTO "placement_questions" ("id", "level_label", "sort_order", "text") VALUES (39, 'N3', 39, '【読解】「この会社では、１日に３回ミーティングがあります。１回目は９時、２回目は１３時、３回目は１７時に行われます。」\nミーティングは１日に何回行われますか。');
INSERT INTO "placement_questions" ("id", "level_label", "sort_order", "text") VALUES (40, 'N3', 40, '【読解】「最近、日本語の勉強があまり進んでいません。仕事が忙しくて、家に帰るといつも疲れてしまいます。それでも、日本語が上手になりたいので、毎日３０分だけでも勉強を続けようと思っています。」\n筆者はこれからどうしようと思っていますか。');
SELECT setval(pg_get_serial_sequence('"placement_questions"', 'id'), COALESCE((SELECT MAX(id) FROM "placement_questions"),0)+1, false);

-- ============================================================
-- placement_question_options (160 rows)
-- ============================================================
INSERT INTO "placement_question_options" ("id", "question_id", "option_key", "text", "is_correct") VALUES (1, 1, 'a', 'わたし', false);
INSERT INTO "placement_question_options" ("id", "question_id", "option_key", "text", "is_correct") VALUES (2, 1, 'b', 'わたしの', true);
INSERT INTO "placement_question_options" ("id", "question_id", "option_key", "text", "is_correct") VALUES (3, 1, 'c', 'わたしを', false);
INSERT INTO "placement_question_options" ("id", "question_id", "option_key", "text", "is_correct") VALUES (4, 1, 'd', 'わたしが', false);
INSERT INTO "placement_question_options" ("id", "question_id", "option_key", "text", "is_correct") VALUES (5, 2, 'a', 'なんじ', true);
INSERT INTO "placement_question_options" ("id", "question_id", "option_key", "text", "is_correct") VALUES (6, 2, 'b', 'なんにち', false);
INSERT INTO "placement_question_options" ("id", "question_id", "option_key", "text", "is_correct") VALUES (7, 2, 'c', 'なんさい', false);
INSERT INTO "placement_question_options" ("id", "question_id", "option_key", "text", "is_correct") VALUES (8, 2, 'd', 'なんがつ', false);
INSERT INTO "placement_question_options" ("id", "question_id", "option_key", "text", "is_correct") VALUES (9, 3, 'a', 'ねます', false);
INSERT INTO "placement_question_options" ("id", "question_id", "option_key", "text", "is_correct") VALUES (10, 3, 'b', 'おきます', true);
INSERT INTO "placement_question_options" ("id", "question_id", "option_key", "text", "is_correct") VALUES (11, 3, 'c', 'いきます', false);
INSERT INTO "placement_question_options" ("id", "question_id", "option_key", "text", "is_correct") VALUES (12, 3, 'd', 'たべます', false);
INSERT INTO "placement_question_options" ("id", "question_id", "option_key", "text", "is_correct") VALUES (13, 4, 'a', 'まい', false);
INSERT INTO "placement_question_options" ("id", "question_id", "option_key", "text", "is_correct") VALUES (14, 4, 'b', 'さつ', false);
INSERT INTO "placement_question_options" ("id", "question_id", "option_key", "text", "is_correct") VALUES (15, 4, 'c', 'にん', true);
INSERT INTO "placement_question_options" ("id", "question_id", "option_key", "text", "is_correct") VALUES (16, 4, 'd', 'ひき', false);
INSERT INTO "placement_question_options" ("id", "question_id", "option_key", "text", "is_correct") VALUES (17, 5, 'a', 'かいもの', true);
INSERT INTO "placement_question_options" ("id", "question_id", "option_key", "text", "is_correct") VALUES (18, 5, 'b', 'かいものを', false);
INSERT INTO "placement_question_options" ("id", "question_id", "option_key", "text", "is_correct") VALUES (19, 5, 'c', 'かいものが', false);
INSERT INTO "placement_question_options" ("id", "question_id", "option_key", "text", "is_correct") VALUES (20, 5, 'd', 'かいもので', false);
INSERT INTO "placement_question_options" ("id", "question_id", "option_key", "text", "is_correct") VALUES (21, 6, 'a', 'すみません', false);
INSERT INTO "placement_question_options" ("id", "question_id", "option_key", "text", "is_correct") VALUES (22, 6, 'b', 'どうも', false);
INSERT INTO "placement_question_options" ("id", "question_id", "option_key", "text", "is_correct") VALUES (23, 6, 'c', 'はい', true);
INSERT INTO "placement_question_options" ("id", "question_id", "option_key", "text", "is_correct") VALUES (24, 6, 'd', 'いいえ', false);
INSERT INTO "placement_question_options" ("id", "question_id", "option_key", "text", "is_correct") VALUES (25, 7, 'a', 'よむ', true);
INSERT INTO "placement_question_options" ("id", "question_id", "option_key", "text", "is_correct") VALUES (26, 7, 'b', 'よみ', false);
INSERT INTO "placement_question_options" ("id", "question_id", "option_key", "text", "is_correct") VALUES (27, 7, 'c', 'よんで', false);
INSERT INTO "placement_question_options" ("id", "question_id", "option_key", "text", "is_correct") VALUES (28, 7, 'd', 'よみます', false);
INSERT INTO "placement_question_options" ("id", "question_id", "option_key", "text", "is_correct") VALUES (29, 8, 'a', 'じょうず', true);
INSERT INTO "placement_question_options" ("id", "question_id", "option_key", "text", "is_correct") VALUES (30, 8, 'b', 'へた', false);
INSERT INTO "placement_question_options" ("id", "question_id", "option_key", "text", "is_correct") VALUES (31, 8, 'c', 'ひま', false);
INSERT INTO "placement_question_options" ("id", "question_id", "option_key", "text", "is_correct") VALUES (32, 8, 'd', 'きれい', false);
INSERT INTO "placement_question_options" ("id", "question_id", "option_key", "text", "is_correct") VALUES (33, 9, 'a', 'が', false);
INSERT INTO "placement_question_options" ("id", "question_id", "option_key", "text", "is_correct") VALUES (34, 9, 'b', 'で', false);
INSERT INTO "placement_question_options" ("id", "question_id", "option_key", "text", "is_correct") VALUES (35, 9, 'c', 'に', true);
INSERT INTO "placement_question_options" ("id", "question_id", "option_key", "text", "is_correct") VALUES (36, 9, 'd', 'を', false);
INSERT INTO "placement_question_options" ("id", "question_id", "option_key", "text", "is_correct") VALUES (37, 10, 'a', 'あつい', false);
INSERT INTO "placement_question_options" ("id", "question_id", "option_key", "text", "is_correct") VALUES (38, 10, 'b', 'あつく', false);
INSERT INTO "placement_question_options" ("id", "question_id", "option_key", "text", "is_correct") VALUES (39, 10, 'c', 'あつかった', true);
INSERT INTO "placement_question_options" ("id", "question_id", "option_key", "text", "is_correct") VALUES (40, 10, 'd', 'あついです', false);
INSERT INTO "placement_question_options" ("id", "question_id", "option_key", "text", "is_correct") VALUES (41, 11, 'a', 'ごちそうさま', false);
INSERT INTO "placement_question_options" ("id", "question_id", "option_key", "text", "is_correct") VALUES (42, 11, 'b', 'いただきます', false);
INSERT INTO "placement_question_options" ("id", "question_id", "option_key", "text", "is_correct") VALUES (43, 11, 'c', 'すみません', true);
INSERT INTO "placement_question_options" ("id", "question_id", "option_key", "text", "is_correct") VALUES (44, 11, 'd', 'おめでとう', false);
INSERT INTO "placement_question_options" ("id", "question_id", "option_key", "text", "is_correct") VALUES (45, 12, 'a', 'が', true);
INSERT INTO "placement_question_options" ("id", "question_id", "option_key", "text", "is_correct") VALUES (46, 12, 'b', 'で', false);
INSERT INTO "placement_question_options" ("id", "question_id", "option_key", "text", "is_correct") VALUES (47, 12, 'c', 'に', false);
INSERT INTO "placement_question_options" ("id", "question_id", "option_key", "text", "is_correct") VALUES (48, 12, 'd', 'を', false);
INSERT INTO "placement_question_options" ("id", "question_id", "option_key", "text", "is_correct") VALUES (49, 13, 'a', 'やさしくて', false);
INSERT INTO "placement_question_options" ("id", "question_id", "option_key", "text", "is_correct") VALUES (50, 13, 'b', 'すくなくて', false);
INSERT INTO "placement_question_options" ("id", "question_id", "option_key", "text", "is_correct") VALUES (51, 13, 'c', 'おおくて', true);
INSERT INTO "placement_question_options" ("id", "question_id", "option_key", "text", "is_correct") VALUES (52, 13, 'd', 'うるさくて', false);
INSERT INTO "placement_question_options" ("id", "question_id", "option_key", "text", "is_correct") VALUES (53, 14, 'a', 'すんで', false);
INSERT INTO "placement_question_options" ("id", "question_id", "option_key", "text", "is_correct") VALUES (54, 14, 'b', 'すみます', false);
INSERT INTO "placement_question_options" ("id", "question_id", "option_key", "text", "is_correct") VALUES (55, 14, 'c', 'すんでいます', true);
INSERT INTO "placement_question_options" ("id", "question_id", "option_key", "text", "is_correct") VALUES (56, 14, 'd', 'すんでいました', false);
INSERT INTO "placement_question_options" ("id", "question_id", "option_key", "text", "is_correct") VALUES (57, 15, 'a', 'すわって', true);
INSERT INTO "placement_question_options" ("id", "question_id", "option_key", "text", "is_correct") VALUES (58, 15, 'b', 'すわらないで', false);
INSERT INTO "placement_question_options" ("id", "question_id", "option_key", "text", "is_correct") VALUES (59, 15, 'c', 'すわります', false);
INSERT INTO "placement_question_options" ("id", "question_id", "option_key", "text", "is_correct") VALUES (60, 15, 'd', 'すわった', false);
INSERT INTO "placement_question_options" ("id", "question_id", "option_key", "text", "is_correct") VALUES (61, 16, 'a', 'はたらき', false);
INSERT INTO "placement_question_options" ("id", "question_id", "option_key", "text", "is_correct") VALUES (62, 16, 'b', 'はたらく', false);
INSERT INTO "placement_question_options" ("id", "question_id", "option_key", "text", "is_correct") VALUES (63, 16, 'c', 'はたらいて', false);
INSERT INTO "placement_question_options" ("id", "question_id", "option_key", "text", "is_correct") VALUES (64, 16, 'd', 'はたらいて', true);
INSERT INTO "placement_question_options" ("id", "question_id", "option_key", "text", "is_correct") VALUES (65, 17, 'a', 'ふると', false);
INSERT INTO "placement_question_options" ("id", "question_id", "option_key", "text", "is_correct") VALUES (66, 17, 'b', 'ふって', false);
INSERT INTO "placement_question_options" ("id", "question_id", "option_key", "text", "is_correct") VALUES (67, 17, 'c', 'ふったので', true);
INSERT INTO "placement_question_options" ("id", "question_id", "option_key", "text", "is_correct") VALUES (68, 17, 'd', 'ふるから', false);
INSERT INTO "placement_question_options" ("id", "question_id", "option_key", "text", "is_correct") VALUES (69, 18, 'a', 'した', true);
INSERT INTO "placement_question_options" ("id", "question_id", "option_key", "text", "is_correct") VALUES (70, 18, 'b', 'します', false);
INSERT INTO "placement_question_options" ("id", "question_id", "option_key", "text", "is_correct") VALUES (71, 18, 'c', 'している', false);
INSERT INTO "placement_question_options" ("id", "question_id", "option_key", "text", "is_correct") VALUES (72, 18, 'd', 'しない', false);
INSERT INTO "placement_question_options" ("id", "question_id", "option_key", "text", "is_correct") VALUES (73, 19, 'a', 'たべました', false);
INSERT INTO "placement_question_options" ("id", "question_id", "option_key", "text", "is_correct") VALUES (74, 19, 'b', 'たべていません', true);
INSERT INTO "placement_question_options" ("id", "question_id", "option_key", "text", "is_correct") VALUES (75, 19, 'c', 'たべませんでした', false);
INSERT INTO "placement_question_options" ("id", "question_id", "option_key", "text", "is_correct") VALUES (76, 19, 'd', 'たべないです', false);
INSERT INTO "placement_question_options" ("id", "question_id", "option_key", "text", "is_correct") VALUES (77, 20, 'a', 'に', false);
INSERT INTO "placement_question_options" ("id", "question_id", "option_key", "text", "is_correct") VALUES (78, 20, 'b', 'かも', false);
INSERT INTO "placement_question_options" ("id", "question_id", "option_key", "text", "is_correct") VALUES (79, 20, 'c', 'かもしれない', false);
INSERT INTO "placement_question_options" ("id", "question_id", "option_key", "text", "is_correct") VALUES (80, 20, 'd', 'かもしれません', true);
INSERT INTO "placement_question_options" ("id", "question_id", "option_key", "text", "is_correct") VALUES (81, 21, 'a', 'だから', false);
INSERT INTO "placement_question_options" ("id", "question_id", "option_key", "text", "is_correct") VALUES (82, 21, 'b', 'でも', false);
INSERT INTO "placement_question_options" ("id", "question_id", "option_key", "text", "is_correct") VALUES (83, 21, 'c', 'まあ', true);
INSERT INTO "placement_question_options" ("id", "question_id", "option_key", "text", "is_correct") VALUES (84, 21, 'd', 'じゃあ', false);
INSERT INTO "placement_question_options" ("id", "question_id", "option_key", "text", "is_correct") VALUES (85, 22, 'a', 'すみませんが', true);
INSERT INTO "placement_question_options" ("id", "question_id", "option_key", "text", "is_correct") VALUES (86, 22, 'b', 'ありがとうございます', false);
INSERT INTO "placement_question_options" ("id", "question_id", "option_key", "text", "is_correct") VALUES (87, 22, 'c', 'そうですね', false);
INSERT INTO "placement_question_options" ("id", "question_id", "option_key", "text", "is_correct") VALUES (88, 22, 'd', 'いいですよ', false);
INSERT INTO "placement_question_options" ("id", "question_id", "option_key", "text", "is_correct") VALUES (89, 23, 'a', 'ふっても', false);
INSERT INTO "placement_question_options" ("id", "question_id", "option_key", "text", "is_correct") VALUES (90, 23, 'b', 'ふらなくても', true);
INSERT INTO "placement_question_options" ("id", "question_id", "option_key", "text", "is_correct") VALUES (91, 23, 'c', 'ふれば', false);
INSERT INTO "placement_question_options" ("id", "question_id", "option_key", "text", "is_correct") VALUES (92, 23, 'd', 'ふらなければ', false);
INSERT INTO "placement_question_options" ("id", "question_id", "option_key", "text", "is_correct") VALUES (93, 24, 'a', 'だけ', false);
INSERT INTO "placement_question_options" ("id", "question_id", "option_key", "text", "is_correct") VALUES (94, 24, 'b', 'でも', true);
INSERT INTO "placement_question_options" ("id", "question_id", "option_key", "text", "is_correct") VALUES (95, 24, 'c', 'に', false);
INSERT INTO "placement_question_options" ("id", "question_id", "option_key", "text", "is_correct") VALUES (96, 24, 'd', 'さえ', false);
INSERT INTO "placement_question_options" ("id", "question_id", "option_key", "text", "is_correct") VALUES (97, 25, 'a', 'ひく', true);
INSERT INTO "placement_question_options" ("id", "question_id", "option_key", "text", "is_correct") VALUES (98, 25, 'b', 'ひいて', false);
INSERT INTO "placement_question_options" ("id", "question_id", "option_key", "text", "is_correct") VALUES (99, 25, 'c', 'ひくの', false);
INSERT INTO "placement_question_options" ("id", "question_id", "option_key", "text", "is_correct") VALUES (100, 25, 'd', 'ひきます', false);
INSERT INTO "placement_question_options" ("id", "question_id", "option_key", "text", "is_correct") VALUES (101, 26, 'a', '一人', false);
INSERT INTO "placement_question_options" ("id", "question_id", "option_key", "text", "is_correct") VALUES (102, 26, 'b', '友だち', false);
INSERT INTO "placement_question_options" ("id", "question_id", "option_key", "text", "is_correct") VALUES (103, 26, 'c', '家族', true);
INSERT INTO "placement_question_options" ("id", "question_id", "option_key", "text", "is_correct") VALUES (104, 26, 'd', '会社の人', false);
INSERT INTO "placement_question_options" ("id", "question_id", "option_key", "text", "is_correct") VALUES (105, 27, 'a', 'のると', false);
INSERT INTO "placement_question_options" ("id", "question_id", "option_key", "text", "is_correct") VALUES (106, 27, 'b', 'のって', false);
INSERT INTO "placement_question_options" ("id", "question_id", "option_key", "text", "is_correct") VALUES (107, 27, 'c', 'のれば', true);
INSERT INTO "placement_question_options" ("id", "question_id", "option_key", "text", "is_correct") VALUES (108, 27, 'd', 'のっても', false);
INSERT INTO "placement_question_options" ("id", "question_id", "option_key", "text", "is_correct") VALUES (109, 28, 'a', 'ので', false);
INSERT INTO "placement_question_options" ("id", "question_id", "option_key", "text", "is_correct") VALUES (110, 28, 'b', 'ように', true);
INSERT INTO "placement_question_options" ("id", "question_id", "option_key", "text", "is_correct") VALUES (111, 28, 'c', 'から', false);
INSERT INTO "placement_question_options" ("id", "question_id", "option_key", "text", "is_correct") VALUES (112, 28, 'd', 'ために', false);
INSERT INTO "placement_question_options" ("id", "question_id", "option_key", "text", "is_correct") VALUES (113, 29, 'a', 'まい', false);
INSERT INTO "placement_question_options" ("id", "question_id", "option_key", "text", "is_correct") VALUES (114, 29, 'b', 'さつ', true);
INSERT INTO "placement_question_options" ("id", "question_id", "option_key", "text", "is_correct") VALUES (115, 29, 'c', 'だい', false);
INSERT INTO "placement_question_options" ("id", "question_id", "option_key", "text", "is_correct") VALUES (116, 29, 'd', 'こ', false);
INSERT INTO "placement_question_options" ("id", "question_id", "option_key", "text", "is_correct") VALUES (117, 30, 'a', 'ひまになりそうだ', false);
INSERT INTO "placement_question_options" ("id", "question_id", "option_key", "text", "is_correct") VALUES (118, 30, 'b', '仕事をやめそうだ', false);
INSERT INTO "placement_question_options" ("id", "question_id", "option_key", "text", "is_correct") VALUES (119, 30, 'c', 'いそがしくなりそうだ', true);
INSERT INTO "placement_question_options" ("id", "question_id", "option_key", "text", "is_correct") VALUES (120, 30, 'd', '旅行に行きそうだ', false);
INSERT INTO "placement_question_options" ("id", "question_id", "option_key", "text", "is_correct") VALUES (121, 31, 'a', 'らしい', true);
INSERT INTO "placement_question_options" ("id", "question_id", "option_key", "text", "is_correct") VALUES (122, 31, 'b', 'よう', false);
INSERT INTO "placement_question_options" ("id", "question_id", "option_key", "text", "is_correct") VALUES (123, 31, 'c', 'そう', false);
INSERT INTO "placement_question_options" ("id", "question_id", "option_key", "text", "is_correct") VALUES (124, 31, 'd', 'こと', false);
INSERT INTO "placement_question_options" ("id", "question_id", "option_key", "text", "is_correct") VALUES (125, 32, 'a', 'ことになった', false);
INSERT INTO "placement_question_options" ("id", "question_id", "option_key", "text", "is_correct") VALUES (126, 32, 'b', 'ことにした', false);
INSERT INTO "placement_question_options" ("id", "question_id", "option_key", "text", "is_correct") VALUES (127, 32, 'c', 'のではないか', true);
INSERT INTO "placement_question_options" ("id", "question_id", "option_key", "text", "is_correct") VALUES (128, 32, 'd', 'らしい', false);
INSERT INTO "placement_question_options" ("id", "question_id", "option_key", "text", "is_correct") VALUES (129, 33, 'a', 'おいて', false);
INSERT INTO "placement_question_options" ("id", "question_id", "option_key", "text", "is_correct") VALUES (130, 33, 'b', 'しまって', true);
INSERT INTO "placement_question_options" ("id", "question_id", "option_key", "text", "is_correct") VALUES (131, 33, 'c', 'もらって', false);
INSERT INTO "placement_question_options" ("id", "question_id", "option_key", "text", "is_correct") VALUES (132, 33, 'd', 'あげて', false);
INSERT INTO "placement_question_options" ("id", "question_id", "option_key", "text", "is_correct") VALUES (133, 34, 'a', 'する', true);
INSERT INTO "placement_question_options" ("id", "question_id", "option_key", "text", "is_correct") VALUES (134, 34, 'b', 'なった', false);
INSERT INTO "placement_question_options" ("id", "question_id", "option_key", "text", "is_correct") VALUES (135, 34, 'c', 'している', false);
INSERT INTO "placement_question_options" ("id", "question_id", "option_key", "text", "is_correct") VALUES (136, 34, 'd', 'なっている', false);
INSERT INTO "placement_question_options" ("id", "question_id", "option_key", "text", "is_correct") VALUES (137, 35, 'a', 'ので', false);
INSERT INTO "placement_question_options" ("id", "question_id", "option_key", "text", "is_correct") VALUES (138, 35, 'b', '以来', true);
INSERT INTO "placement_question_options" ("id", "question_id", "option_key", "text", "is_correct") VALUES (139, 35, 'c', 'うちに', false);
INSERT INTO "placement_question_options" ("id", "question_id", "option_key", "text", "is_correct") VALUES (140, 35, 'd', 'ところ', false);
INSERT INTO "placement_question_options" ("id", "question_id", "option_key", "text", "is_correct") VALUES (141, 36, 'a', '一人で勉強しただけだ', false);
INSERT INTO "placement_question_options" ("id", "question_id", "option_key", "text", "is_correct") VALUES (142, 36, 'b', '日本人の友達と話したりした', true);
INSERT INTO "placement_question_options" ("id", "question_id", "option_key", "text", "is_correct") VALUES (143, 36, 'c', '日本語の本を読まなかった', false);
INSERT INTO "placement_question_options" ("id", "question_id", "option_key", "text", "is_correct") VALUES (144, 36, 'd', '勉強するのをやめた', false);
INSERT INTO "placement_question_options" ("id", "question_id", "option_key", "text", "is_correct") VALUES (145, 37, 'a', 'まだ読んでいません', true);
INSERT INTO "placement_question_options" ("id", "question_id", "option_key", "text", "is_correct") VALUES (146, 37, 'b', 'もう読みません', false);
INSERT INTO "placement_question_options" ("id", "question_id", "option_key", "text", "is_correct") VALUES (147, 37, 'c', 'まだ読みませんでした', false);
INSERT INTO "placement_question_options" ("id", "question_id", "option_key", "text", "is_correct") VALUES (148, 37, 'd', 'もう読んでいません', false);
INSERT INTO "placement_question_options" ("id", "question_id", "option_key", "text", "is_correct") VALUES (149, 38, 'a', 'まで', false);
INSERT INTO "placement_question_options" ("id", "question_id", "option_key", "text", "is_correct") VALUES (150, 38, 'b', 'など', false);
INSERT INTO "placement_question_options" ("id", "question_id", "option_key", "text", "is_correct") VALUES (151, 38, 'c', 'さえ', false);
INSERT INTO "placement_question_options" ("id", "question_id", "option_key", "text", "is_correct") VALUES (152, 38, 'd', 'も', true);
INSERT INTO "placement_question_options" ("id", "question_id", "option_key", "text", "is_correct") VALUES (153, 39, 'a', '１回', false);
INSERT INTO "placement_question_options" ("id", "question_id", "option_key", "text", "is_correct") VALUES (154, 39, 'b', '２回', false);
INSERT INTO "placement_question_options" ("id", "question_id", "option_key", "text", "is_correct") VALUES (155, 39, 'c', '３回', true);
INSERT INTO "placement_question_options" ("id", "question_id", "option_key", "text", "is_correct") VALUES (156, 39, 'd', '４回', false);
INSERT INTO "placement_question_options" ("id", "question_id", "option_key", "text", "is_correct") VALUES (157, 40, 'a', '日本語の勉強をやめる', false);
INSERT INTO "placement_question_options" ("id", "question_id", "option_key", "text", "is_correct") VALUES (158, 40, 'b', '毎日少しだけでも勉強を続ける', true);
INSERT INTO "placement_question_options" ("id", "question_id", "option_key", "text", "is_correct") VALUES (159, 40, 'c', '仕事をやめて日本語を勉強する', false);
INSERT INTO "placement_question_options" ("id", "question_id", "option_key", "text", "is_correct") VALUES (160, 40, 'd', '日本語ではなく英語を勉強する', false);
SELECT setval(pg_get_serial_sequence('"placement_question_options"', 'id'), COALESCE((SELECT MAX(id) FROM "placement_question_options"),0)+1, false);

-- ============================================================
