-- Yumegoji seed PART 1/13 (run 01 -> 13 in order)
-- File: yumegoji_supabase_data_v2_part01.sql
-- ============================================================
-- levels (REQUIRED — not exported, insert manually)
-- ============================================================
INSERT INTO "levels" ("id","code","name","description","sort_order") VALUES
  (1,'N5','JLPT N5','Sơ cấp',1),
  (2,'N4','JLPT N4','Sơ-trung cấp',2),
  (3,'N3','JLPT N3','Trung cấp',3),
  (4,'N2','JLPT N2','Trung-cao cấp',4),
  (5,'N1','JLPT N1','Cao cấp',5);

-- ============================================================
-- premium_payment_config (REQUIRED — update thông tin ngân hàng thật)
-- ============================================================
INSERT INTO "premium_payment_config" ("id","bank_code","account_no","account_name","premium_price_vnd","premium_duration_days","is_active","updated_at") VALUES
  (1,'ICB','105877558159','HOANG NGUYEN THE VINH',50000,30,true,NOW());

-- ============================================================
-- plans (3 rows)
-- ============================================================
INSERT INTO "plans" ("id", "name", "slug", "type", "price_monthly", "price_yearly", "features", "max_friends", "game_plays_per_day", "is_active", "sort_order", "created_at", "updated_at") VALUES (1, 'Miễn phí', 'free', 'free', NULL, NULL, '{"lessons_limit": 5, "ads": true}', 10, 5, true, 1, '2026-03-16T07:55:09.6526960', '2026-03-16T07:55:09.6526960');
INSERT INTO "plans" ("id", "name", "slug", "type", "price_monthly", "price_yearly", "features", "max_friends", "game_plays_per_day", "is_active", "sort_order", "created_at", "updated_at") VALUES (2, 'Premium Tháng', 'premium-monthly', 'premium', 49000.00, NULL, '{"unlimited_lessons": true, "no_ads": true, "priority_support": true}', 100, 999, true, 2, '2026-03-16T07:55:09.6526960', '2026-03-16T07:55:09.6526960');
INSERT INTO "plans" ("id", "name", "slug", "type", "price_monthly", "price_yearly", "features", "max_friends", "game_plays_per_day", "is_active", "sort_order", "created_at", "updated_at") VALUES (3, 'Premium Năm', 'premium-yearly', 'premium', NULL, 399000.00, '{"unlimited_lessons": true, "no_ads": true, "priority_support": true}', 100, 999, true, 3, '2026-03-16T07:55:09.6526960', '2026-03-16T07:55:09.6526960');
SELECT setval(pg_get_serial_sequence('"plans"', 'id'), COALESCE((SELECT MAX(id) FROM "plans"),0)+1, false);

-- ============================================================
-- in_app_products (3 rows)
-- ============================================================
INSERT INTO "in_app_products" ("id", "name", "slug", "type", "price", "currency", "target_id", "is_active", "created_at", "updated_at") VALUES (1, 'Gói 100 Xu', 'xu-100', 'xu_pack', 10000.00, 'VND', NULL, true, '2026-03-16T07:55:09.6659278', '2026-03-16T07:55:09.6659278');
INSERT INTO "in_app_products" ("id", "name", "slug", "type", "price", "currency", "target_id", "is_active", "created_at", "updated_at") VALUES (2, 'Gói 500 Xu', 'xu-500', 'xu_pack', 45000.00, 'VND', NULL, true, '2026-03-16T07:55:09.6659278', '2026-03-16T07:55:09.6659278');
INSERT INTO "in_app_products" ("id", "name", "slug", "type", "price", "currency", "target_id", "is_active", "created_at", "updated_at") VALUES (3, 'Gói 1000 Xu', 'xu-1000', 'xu_pack', 80000.00, 'VND', NULL, true, '2026-03-16T07:55:09.6659278', '2026-03-16T07:55:09.6659278');
SELECT setval(pg_get_serial_sequence('"in_app_products"', 'id'), COALESCE((SELECT MAX(id) FROM "in_app_products"),0)+1, false);

-- ============================================================
-- power_ups (12 rows)
-- ============================================================
INSERT INTO "power_ups" ("id", "name", "slug", "description", "effect_type", "icon_url", "xu_price", "is_premium", "created_at", "updated_at", "stackable", "max_per_session", "sort_order", "is_active") VALUES (1, 'Thêm tim', 'extra-heart', 'Thêm 1 tim khi chơi game', 'extra_heart', NULL, 20, false, '2026-03-16T07:55:09.6607230', '2026-03-16T07:55:09.6607230', true, NULL, 0, true);
INSERT INTO "power_ups" ("id", "name", "slug", "description", "effect_type", "icon_url", "xu_price", "is_premium", "created_at", "updated_at", "stackable", "max_per_session", "sort_order", "is_active") VALUES (2, 'Gợi ý 50/50', 'hint-half', 'Loại bỏ 2 đáp án sai', 'hint_50_50', NULL, 15, false, '2026-03-16T07:55:09.6607230', '2026-03-16T07:55:09.6607230', true, NULL, 0, true);
INSERT INTO "power_ups" ("id", "name", "slug", "description", "effect_type", "icon_url", "xu_price", "is_premium", "created_at", "updated_at", "stackable", "max_per_session", "sort_order", "is_active") VALUES (3, 'Gấp đôi XP', 'double-exp', 'Nhận gấp đôi EXP trong 30 phút', 'double_exp', NULL, 30, false, '2026-03-16T07:55:09.6607230', '2026-03-16T07:55:09.6607230', true, NULL, 0, true);
INSERT INTO "power_ups" ("id", "name", "slug", "description", "effect_type", "icon_url", "xu_price", "is_premium", "created_at", "updated_at", "stackable", "max_per_session", "sort_order", "is_active") VALUES (4, 'Không giới hạn tim', 'unlimited-hearts', 'Chơi không mất tim (30 phút)', 'unlimited_hearts', NULL, 50, true, '2026-03-16T07:55:09.6607230', '2026-03-16T07:55:09.6607230', true, NULL, 0, true);
INSERT INTO "power_ups" ("id", "name", "slug", "description", "effect_type", "icon_url", "xu_price", "is_premium", "created_at", "updated_at", "stackable", "max_per_session", "sort_order", "is_active") VALUES (5, '50:50', 'fifty_fifty', 'Loại bỏ hai đáp án sai', 'fifty_fifty', NULL, 50, false, '2026-03-29T09:34:00.9336433', '2026-03-29T09:34:00.9336433', true, 3, 1, true);
INSERT INTO "power_ups" ("id", "name", "slug", "description", "effect_type", "icon_url", "xu_price", "is_premium", "created_at", "updated_at", "stackable", "max_per_session", "sort_order", "is_active") VALUES (6, 'Bỏ qua câu', 'skip_question', 'Bỏ qua một câu hỏi', 'skip_question', NULL, 40, false, '2026-03-29T09:34:00.9336433', '2026-03-29T09:34:00.9336433', true, 2, 2, true);
INSERT INTO "power_ups" ("id", "name", "slug", "description", "effect_type", "icon_url", "xu_price", "is_premium", "created_at", "updated_at", "stackable", "max_per_session", "sort_order", "is_active") VALUES (7, 'Nhân đôi điểm', 'double_points', 'Nhân đôi điểm câu tiếp theo', 'double_points', NULL, 80, false, '2026-03-29T09:34:00.9336433', '2026-03-29T09:34:00.9336433', false, 1, 3, true);
INSERT INTO "power_ups" ("id", "name", "slug", "description", "effect_type", "icon_url", "xu_price", "is_premium", "created_at", "updated_at", "stackable", "max_per_session", "sort_order", "is_active") VALUES (8, 'Double Points', 'double-points', 'Nhân đôi điểm câu tiếp theo', 'double_score', NULL, 50, false, '2026-03-29T09:34:05.4098049', '2026-03-29T09:34:05.4098049', true, NULL, 3, true);
INSERT INTO "power_ups" ("id", "name", "slug", "description", "effect_type", "icon_url", "xu_price", "is_premium", "created_at", "updated_at", "stackable", "max_per_session", "sort_order", "is_active") VALUES (9, '50:50', 'fifty-fifty', 'Loại bỏ 2 đáp án sai', 'remove_two_wrong', NULL, 30, false, '2026-03-29T09:34:05.4098049', '2026-03-29T09:34:05.4098049', true, NULL, 1, true);
INSERT INTO "power_ups" ("id", "name", "slug", "description", "effect_type", "icon_url", "xu_price", "is_premium", "created_at", "updated_at", "stackable", "max_per_session", "sort_order", "is_active") VALUES (10, 'Heart', 'heart', 'Hồi phục 1 mạng', 'restore_heart', NULL, 60, false, '2026-03-29T09:34:05.4098049', '2026-03-29T09:34:05.4098049', true, NULL, 5, true);
INSERT INTO "power_ups" ("id", "name", "slug", "description", "effect_type", "icon_url", "xu_price", "is_premium", "created_at", "updated_at", "stackable", "max_per_session", "sort_order", "is_active") VALUES (11, 'Skip', 'skip', 'Bỏ qua câu, không mất mạng', 'skip_question', NULL, 20, false, '2026-03-29T09:34:05.4098049', '2026-03-29T09:34:05.4098049', true, NULL, 4, true);
INSERT INTO "power_ups" ("id", "name", "slug", "description", "effect_type", "icon_url", "xu_price", "is_premium", "created_at", "updated_at", "stackable", "max_per_session", "sort_order", "is_active") VALUES (12, 'Time Freeze', 'time-freeze', 'Đóng băng đồng hồ 5 giây', 'freeze_timer', NULL, 40, false, '2026-03-29T09:34:05.4098049', '2026-03-29T09:34:05.4098049', true, NULL, 2, true);
SELECT setval(pg_get_serial_sequence('"power_ups"', 'id'), COALESCE((SELECT MAX(id) FROM "power_ups"),0)+1, false);

-- ============================================================
-- profile_titles (3 rows)
-- ============================================================
INSERT INTO "profile_titles" ("id", "slug", "name_vi", "description_nv", "image_path", "sort_order") VALUES (1, 'hiragana-master', 'Hiragana Master', 'Danh hiệu Hiragana — moderator cấp sau thành tích / sự kiện.', '/assets/titles/hiragana-master.svg', 1);
INSERT INTO "profile_titles" ("id", "slug", "name_vi", "description_nv", "image_path", "sort_order") VALUES (2, 'katakana-pro', 'Katakana Pro', 'Danh hiệu Katakana — moderator cấp.', '/assets/titles/katakana-pro.svg', 2);
INSERT INTO "profile_titles" ("id", "slug", "name_vi", "description_nv", "image_path", "sort_order") VALUES (3, 'kanji-sensei', 'Kanji Sensei', 'Chữ 先 — moderator cấp.', '/assets/titles/kanji-sensei.svg', 3);
SELECT setval(pg_get_serial_sequence('"profile_titles"', 'id'), COALESCE((SELECT MAX(id) FROM "profile_titles"),0)+1, false);

-- ============================================================
-- profile_backgrounds (2 rows)
-- ============================================================
INSERT INTO "profile_backgrounds" ("id", "slug", "name_vi", "description_nv", "image_path", "sort_order") VALUES (1, 'boss-demon-king', 'Boss — Ma Vương (Legendary)', 'Nền lửa / boss battle — moderator cấp khi xác nhận thời gian Boss Battle nhanh nhất.', '/assets/profile-backgrounds/boss-demon-king.svg', 1);
INSERT INTO "profile_backgrounds" ("id", "slug", "name_vi", "description_nv", "image_path", "sort_order") VALUES (2, 'sakura-dusk', 'Sakura hoàng hôn', 'Nền nhẹ nhàng — có thể dùng sự kiện / mod cấp.', '/assets/profile-backgrounds/sakura-dusk.svg', 2);
SELECT setval(pg_get_serial_sequence('"profile_backgrounds"', 'id'), COALESCE((SELECT MAX(id) FROM "profile_backgrounds"),0)+1, false);

-- ============================================================
-- avatar_frames (4 rows)
-- ============================================================
INSERT INTO "avatar_frames" ("id", "slug", "name_vi", "description_nv", "image_path", "frame_kind", "sort_order") VALUES (1, 'sakura-premium', 'Khung Sakura (Premium)', 'Hoa anh đào — mở với gói Premium hoặc moderator cấp.', '/assets/avatar-frames/sakura-premium.svg', 'premium', 1);
INSERT INTO "avatar_frames" ("id", "slug", "name_vi", "description_nv", "image_path", "frame_kind", "sort_order") VALUES (2, 'samurai-event', 'Khung Kabuto (Sự kiện)', 'Nón võ sĩ — chỉ moderator cấp (sự kiện).', '/assets/avatar-frames/samurai-event.svg', 'event', 2);
INSERT INTO "avatar_frames" ("id", "slug", "name_vi", "description_nv", "image_path", "frame_kind", "sort_order") VALUES (3, 'dragon-event', 'Khung Rồng (Sự kiện)', 'Rồng xanh — chỉ moderator cấp (sự kiện).', '/assets/avatar-frames/dragon-event.svg', 'event', 3);
INSERT INTO "avatar_frames" ("id", "slug", "name_vi", "description_nv", "image_path", "frame_kind", "sort_order") VALUES (4, 'demon-king-event', 'Khung Ma Vương (Sự kiện)', 'Gai lửa — chỉ moderator cấp (sự kiện).', '/assets/avatar-frames/demon-king-event.svg', 'event', 4);
SELECT setval(pg_get_serial_sequence('"avatar_frames"', 'id'), COALESCE((SELECT MAX(id) FROM "avatar_frames"),0)+1, false);

-- ============================================================
-- achievements (20 rows)
-- ============================================================
INSERT INTO "achievements" ("id", "name", "slug", "description", "icon_url", "condition_type", "condition_value", "xu_reward", "exp_reward", "sort_order", "created_at", "updated_at", "criteria_type", "criteria_json", "reward_exp", "reward_xu", "is_active") VALUES (1, 'Bước đầu', 'first-lesson', 'Hoàn thành bài học đầu tiên', NULL, 'lesson_completed', '1', 10, 20, 1, '2026-03-16T07:55:09.6587203', '2026-03-16T07:55:09.6587203', 'custom', NULL, 0, 0, true);
INSERT INTO "achievements" ("id", "name", "slug", "description", "icon_url", "condition_type", "condition_value", "xu_reward", "exp_reward", "sort_order", "created_at", "updated_at", "criteria_type", "criteria_json", "reward_exp", "reward_xu", "is_active") VALUES (2, 'Học chăm', 'streak-7', 'Học liên tục 7 ngày', NULL, 'streak_days', '7', 50, 100, 2, '2026-03-16T07:55:09.6587203', '2026-03-16T07:55:09.6587203', 'custom', NULL, 0, 0, true);
INSERT INTO "achievements" ("id", "name", "slug", "description", "icon_url", "condition_type", "condition_value", "xu_reward", "exp_reward", "sort_order", "created_at", "updated_at", "criteria_type", "criteria_json", "reward_exp", "reward_xu", "is_active") VALUES (3, 'Từ vựng N5', 'vocab-n5-50', 'Học 50 từ vựng N5', NULL, 'vocabulary_learned', '50', 30, 80, 3, '2026-03-16T07:55:09.6587203', '2026-03-16T07:55:09.6587203', 'custom', NULL, 0, 0, true);
INSERT INTO "achievements" ("id", "name", "slug", "description", "icon_url", "condition_type", "condition_value", "xu_reward", "exp_reward", "sort_order", "created_at", "updated_at", "criteria_type", "criteria_json", "reward_exp", "reward_xu", "is_active") VALUES (4, 'Game thủ', 'games-10', 'Chơi 10 ván game', NULL, 'games_played', '10', 20, 50, 4, '2026-03-16T07:55:09.6587203', '2026-03-16T07:55:09.6587203', 'custom', NULL, 0, 0, true);
INSERT INTO "achievements" ("id", "name", "slug", "description", "icon_url", "condition_type", "condition_value", "xu_reward", "exp_reward", "sort_order", "created_at", "updated_at", "criteria_type", "criteria_json", "reward_exp", "reward_xu", "is_active") VALUES (5, 'Xuất sắc', 'quiz-perfect', 'Đạt 100% trong bài quiz', NULL, 'quiz_perfect', '1', 40, 100, 5, '2026-03-16T07:55:09.6587203', '2026-03-16T07:55:09.6587203', 'custom', NULL, 0, 0, true);
INSERT INTO "achievements" ("id", "name", "slug", "description", "icon_url", "condition_type", "condition_value", "xu_reward", "exp_reward", "sort_order", "created_at", "updated_at", "criteria_type", "criteria_json", "reward_exp", "reward_xu", "is_active") VALUES (6, 'Top 10', 'leaderboard-top10', 'Lên top 10 bảng xếp hạng', NULL, 'leaderboard_rank', '10', 100, 200, 6, '2026-03-16T07:55:09.6587203', '2026-03-16T07:55:09.6587203', 'custom', NULL, 0, 0, true);
INSERT INTO "achievements" ("id", "name", "slug", "description", "icon_url", "condition_type", "condition_value", "xu_reward", "exp_reward", "sort_order", "created_at", "updated_at", "criteria_type", "criteria_json", "reward_exp", "reward_xu", "is_active") VALUES (16, 'Combo King', 'combo-king', 'Combo x5 trong một phiên', NULL, 'combo_session', NULL, 0, 0, 6, '2026-03-29T11:02:12.9536549', '2026-03-29T11:02:12.9536549', 'combo_session', '{"minCombo":5}', 40, 25, true);
INSERT INTO "achievements" ("id", "name", "slug", "description", "icon_url", "condition_type", "condition_value", "xu_reward", "exp_reward", "sort_order", "created_at", "updated_at", "criteria_type", "criteria_json", "reward_exp", "reward_xu", "is_active") VALUES (17, 'Daily Dedication', 'daily-dedication', 'Hoàn thành daily challenge 30 ngày', NULL, 'daily_streak_days', NULL, 0, 0, 8, '2026-03-29T11:02:12.9536549', '2026-03-29T11:02:12.9536549', 'daily_streak_days', '{"distinctDays":30}', 120, 60, true);
INSERT INTO "achievements" ("id", "name", "slug", "description", "icon_url", "condition_type", "condition_value", "xu_reward", "exp_reward", "sort_order", "created_at", "updated_at", "criteria_type", "criteria_json", "reward_exp", "reward_xu", "is_active") VALUES (18, 'Hiragana Master', 'hiragana-master', 'Hoàn thành Hiragana Match với 100% độ chính xác', NULL, 'game_accuracy', NULL, 0, 0, 1, '2026-03-29T11:02:12.9536549', '2026-03-29T11:02:12.9536549', 'game_accuracy', '{"gameSlug":"hiragana-match","minAccuracy":100}', 50, 30, true);
INSERT INTO "achievements" ("id", "name", "slug", "description", "icon_url", "condition_type", "condition_value", "xu_reward", "exp_reward", "sort_order", "created_at", "updated_at", "criteria_type", "criteria_json", "reward_exp", "reward_xu", "is_active") VALUES (19, 'Kanji Hunter', 'kanji-hunter', 'Học 200 Kanji', NULL, 'kanji_learned', NULL, 0, 0, 4, '2026-03-29T11:02:12.9536549', '2026-03-29T11:02:12.9536549', 'kanji_learned', '{"minCount":200}', 80, 50, true);
INSERT INTO "achievements" ("id", "name", "slug", "description", "icon_url", "condition_type", "condition_value", "xu_reward", "exp_reward", "sort_order", "created_at", "updated_at", "criteria_type", "criteria_json", "reward_exp", "reward_xu", "is_active") VALUES (20, 'Kanji Novice', 'kanji-novice', 'Học 50 Kanji đầu tiên', NULL, 'kanji_learned', NULL, 0, 0, 3, '2026-03-29T11:02:12.9536549', '2026-03-29T11:02:12.9536549', 'kanji_learned', '{"minCount":50}', 40, 20, true);
INSERT INTO "achievements" ("id", "name", "slug", "description", "icon_url", "condition_type", "condition_value", "xu_reward", "exp_reward", "sort_order", "created_at", "updated_at", "criteria_type", "criteria_json", "reward_exp", "reward_xu", "is_active") VALUES (21, 'Katakana Master', 'katakana-master', 'Hoàn thành Katakana Match với 100% độ chính xác', NULL, 'game_accuracy', NULL, 0, 0, 2, '2026-03-29T11:02:12.9536549', '2026-03-29T11:02:12.9536549', 'game_accuracy', '{"gameSlug":"katakana-match","minAccuracy":100}', 50, 30, true);
INSERT INTO "achievements" ("id", "name", "slug", "description", "icon_url", "condition_type", "condition_value", "xu_reward", "exp_reward", "sort_order", "created_at", "updated_at", "criteria_type", "criteria_json", "reward_exp", "reward_xu", "is_active") VALUES (22, 'Perfect Score', 'perfect-score-quiz', 'Điểm tuyệt đối bài kiểm tra nhanh', NULL, 'assessment_perfect', NULL, 0, 0, 9, '2026-03-29T11:02:12.9536549', '2026-03-29T11:02:12.9536549', 'assessment_perfect', '{}', 100, 50, true);
INSERT INTO "achievements" ("id", "name", "slug", "description", "icon_url", "condition_type", "condition_value", "xu_reward", "exp_reward", "sort_order", "created_at", "updated_at", "criteria_type", "criteria_json", "reward_exp", "reward_xu", "is_active") VALUES (23, 'PvP Champion', 'pvp-champion', 'Thắng 10 trận PvP liên tiếp', NULL, 'pvp_streak', NULL, 0, 0, 7, '2026-03-29T11:02:12.9536549', '2026-03-29T11:02:12.9536549', 'pvp_streak', '{"winStreak":10}', 100, 80, true);
INSERT INTO "achievements" ("id", "name", "slug", "description", "icon_url", "condition_type", "condition_value", "xu_reward", "exp_reward", "sort_order", "created_at", "updated_at", "criteria_type", "criteria_json", "reward_exp", "reward_xu", "is_active") VALUES (24, 'Speed Demon', 'speed-demon', 'TB < 2 giây trong 10 câu (một phiên)', NULL, 'speed_session', NULL, 0, 0, 5, '2026-03-29T11:02:12.9536549', '2026-03-29T11:02:12.9536549', 'speed_session', '{"maxAvgMs":2000,"minAnswers":10}', 60, 40, true);
INSERT INTO "achievements" ("id", "name", "slug", "description", "icon_url", "condition_type", "condition_value", "xu_reward", "exp_reward", "sort_order", "created_at", "updated_at", "criteria_type", "criteria_json", "reward_exp", "reward_xu", "is_active") VALUES (25, 'EXP 100', 'exp-100', 'Đạt 100 EXP tích lũy', NULL, 'total_exp', NULL, 0, 0, 20, '2026-03-30T15:01:35.4387612', '2026-03-30T15:01:35.4387612', 'total_exp', '{"minExp":100}', 0, 10, true);
INSERT INTO "achievements" ("id", "name", "slug", "description", "icon_url", "condition_type", "condition_value", "xu_reward", "exp_reward", "sort_order", "created_at", "updated_at", "criteria_type", "criteria_json", "reward_exp", "reward_xu", "is_active") VALUES (26, 'EXP 1.000', 'exp-1000', 'Đạt 1.000 EXP tích lũy', NULL, 'total_exp', NULL, 0, 0, 22, '2026-03-30T15:01:35.4387612', '2026-03-30T15:01:35.4387612', 'total_exp', '{"minExp":1000}', 0, 20, true);
INSERT INTO "achievements" ("id", "name", "slug", "description", "icon_url", "condition_type", "condition_value", "xu_reward", "exp_reward", "sort_order", "created_at", "updated_at", "criteria_type", "criteria_json", "reward_exp", "reward_xu", "is_active") VALUES (27, 'EXP 2.500', 'exp-2500', 'Đạt 2.500 EXP tích lũy', NULL, 'total_exp', NULL, 0, 0, 23, '2026-03-30T15:01:35.4387612', '2026-03-30T15:01:35.4387612', 'total_exp', '{"minExp":2500}', 0, 25, true);
INSERT INTO "achievements" ("id", "name", "slug", "description", "icon_url", "condition_type", "condition_value", "xu_reward", "exp_reward", "sort_order", "created_at", "updated_at", "criteria_type", "criteria_json", "reward_exp", "reward_xu", "is_active") VALUES (28, 'EXP 500', 'exp-500', 'Đạt 500 EXP tích lũy', NULL, 'total_exp', NULL, 0, 0, 21, '2026-03-30T15:01:35.4387612', '2026-03-30T15:01:35.4387612', 'total_exp', '{"minExp":500}', 0, 15, true);
INSERT INTO "achievements" ("id", "name", "slug", "description", "icon_url", "condition_type", "condition_value", "xu_reward", "exp_reward", "sort_order", "created_at", "updated_at", "criteria_type", "criteria_json", "reward_exp", "reward_xu", "is_active") VALUES (29, 'EXP 5.000', 'exp-5000', 'Đạt 5.000 EXP tích lũy', NULL, 'total_exp', NULL, 0, 0, 24, '2026-03-30T15:01:35.4387612', '2026-03-30T15:01:35.4387612', 'total_exp', '{"minExp":5000}', 0, 30, true);
SELECT setval(pg_get_serial_sequence('"achievements"', 'id'), COALESCE((SELECT MAX(id) FROM "achievements"),0)+1, false);

-- ============================================================
-- badges (5 rows)
-- ============================================================
INSERT INTO "badges" ("id", "name", "slug", "description", "icon_url", "type", "is_premium_only", "created_at", "updated_at") VALUES (1, 'Sao mới', 'newcomer', 'Thành viên mới', NULL, 'milestone', false, '2026-03-16T07:55:09.6597217', '2026-03-16T07:55:09.6597217');
INSERT INTO "badges" ("id", "name", "slug", "description", "icon_url", "type", "is_premium_only", "created_at", "updated_at") VALUES (2, 'Học viên chăm chỉ', 'dedicated', 'Học đều đặn 30 ngày', NULL, 'streak', false, '2026-03-16T07:55:09.6597217', '2026-03-16T07:55:09.6597217');
INSERT INTO "badges" ("id", "name", "slug", "description", "icon_url", "type", "is_premium_only", "created_at", "updated_at") VALUES (3, 'Master N5', 'master-n5', 'Hoàn thành toàn bộ N5', NULL, 'level', false, '2026-03-16T07:55:09.6597217', '2026-03-16T07:55:09.6597217');
INSERT INTO "badges" ("id", "name", "slug", "description", "icon_url", "type", "is_premium_only", "created_at", "updated_at") VALUES (4, 'Premium', 'premium-member', 'Thành viên Premium', NULL, 'premium', true, '2026-03-16T07:55:09.6597217', '2026-03-16T07:55:09.6597217');
INSERT INTO "badges" ("id", "name", "slug", "description", "icon_url", "type", "is_premium_only", "created_at", "updated_at") VALUES (5, 'Thi đấu', 'pvp-player', 'Thắng 10 trận PvP', NULL, 'pvp', false, '2026-03-16T07:55:09.6597217', '2026-03-16T07:55:09.6597217');
SELECT setval(pg_get_serial_sequence('"badges"', 'id'), COALESCE((SELECT MAX(id) FROM "badges"),0)+1, false);

-- ============================================================
-- affiliate_partners (1 rows)
-- ============================================================
INSERT INTO "affiliate_partners" ("id", "partner_name", "partner_code", "commission_rate", "contact_info", "is_active", "created_by", "created_at", "updated_at") VALUES (1, 'Đối tác mẫu', 'PARTNER01', 5.00, NULL, true, NULL, '2026-03-16T07:55:09.6679313', '2026-03-16T07:55:09.6679313');
SELECT setval(pg_get_serial_sequence('"affiliate_partners"', 'id'), COALESCE((SELECT MAX(id) FROM "affiliate_partners"),0)+1, false);

-- ============================================================
-- ads (1 rows)
-- ============================================================
INSERT INTO "ads" ("id", "type", "name", "content_url", "placement", "affiliate_partner_id", "impressions", "clicks", "is_active", "created_by", "created_at", "updated_at") VALUES (1, 'banner', 'Banner chào mừng', '/assets/ads/welcome-banner.png', 'home_top', 1, 0, 0, true, 1, '2026-03-16T07:55:09.7647355', '2026-03-16T07:55:09.7647355');
SELECT setval(pg_get_serial_sequence('"ads"', 'id'), COALESCE((SELECT MAX(id) FROM "ads"),0)+1, false);

-- ============================================================
-- games (15 rows)
-- ============================================================
INSERT INTO "games" ("id", "name", "slug", "description", "skill_type", "level_min", "level_max", "max_hearts", "rules_json", "icon_url", "is_pvp", "is_active", "sort_order", "created_at", "updated_at", "is_boss_mode", "config_json") VALUES (1, 'Flashcard Battle', 'flashcard-vocabulary', 'Đấu với Bot AI (~70% đúng mỗi vòng). Chọn nghĩa đúng cho từ.', 'vocabulary', 'N5', 'N3', 3, NULL, NULL, false, true, 20, '2026-03-16T07:55:09.6587203', '2026-03-30T01:16:22.5982440', false, NULL);
INSERT INTO "games" ("id", "name", "slug", "description", "skill_type", "level_min", "level_max", "max_hearts", "rules_json", "icon_url", "is_pvp", "is_active", "sort_order", "created_at", "updated_at", "is_boss_mode", "config_json") VALUES (2, 'Chọn đáp án đúng', 'multiple-choice', 'Trắc nghiệm nhiều lựa chọn.', 'mixed', 'N5', 'N3', 3, NULL, NULL, false, true, 21, '2026-03-16T07:55:09.6587203', '2026-03-30T01:16:22.4677200', false, NULL);
INSERT INTO "games" ("id", "name", "slug", "description", "skill_type", "level_min", "level_max", "max_hearts", "rules_json", "icon_url", "is_pvp", "is_active", "sort_order", "created_at", "updated_at", "is_boss_mode", "config_json") VALUES (3, 'Điền vào chỗ trống', 'fill-blank', 'Điền từ còn thiếu vào câu', 'grammar', 'N5', 'N3', 3, NULL, NULL, false, true, 3, '2026-03-16T07:55:09.6587203', '2026-03-16T07:55:09.6587203', false, NULL);
INSERT INTO "games" ("id", "name", "slug", "description", "skill_type", "level_min", "level_max", "max_hearts", "rules_json", "icon_url", "is_pvp", "is_active", "sort_order", "created_at", "updated_at", "is_boss_mode", "config_json") VALUES (4, 'Đấu từ vựng PvP', 'pvp-vocabulary', 'Thi đấu từ vựng với người chơi khác', 'vocabulary', 'N5', 'N3', 3, NULL, NULL, true, true, 4, '2026-03-16T07:55:09.6587203', '2026-03-16T07:55:09.6587203', false, NULL);
INSERT INTO "games" ("id", "name", "slug", "description", "skill_type", "level_min", "level_max", "max_hearts", "rules_json", "icon_url", "is_pvp", "is_active", "sort_order", "created_at", "updated_at", "is_boss_mode", "config_json") VALUES (5, 'Nghe và chọn', 'listen-choose', '(Mẫu) Nghe audio — chọn đáp án; mở rộng URL audio sau.', 'listening', 'N5', 'N3', 3, NULL, NULL, false, false, 23, '2026-03-16T07:55:09.6587203', '2026-03-30T01:16:22.4677200', false, NULL);
INSERT INTO "games" ("id", "name", "slug", "description", "skill_type", "level_min", "level_max", "max_hearts", "rules_json", "icon_url", "is_pvp", "is_active", "sort_order", "created_at", "updated_at", "is_boss_mode", "config_json") VALUES (6, 'Boss Battle', 'boss-battle', 'Đánh boss theo chủ đề', 'mixed', 'N5', 'N3', 3, NULL, NULL, false, true, 12, '2026-03-29T09:29:44.0698234', '2026-03-30T02:05:45.8323411', true, NULL);
INSERT INTO "games" ("id", "name", "slug", "description", "skill_type", "level_min", "level_max", "max_hearts", "rules_json", "icon_url", "is_pvp", "is_active", "sort_order", "created_at", "updated_at", "is_boss_mode", "config_json") VALUES (7, 'Counter Quest', 'counter-quest', 'Luyện đếm với trợ từ đếm (〜枚、〜台、〜匹...)', 'counter', 'N5', 'N4', 3, NULL, NULL, false, true, 7, '2026-03-29T09:29:44.0698234', '2026-03-30T02:05:45.8323411', false, NULL);
INSERT INTO "games" ("id", "name", "slug", "description", "skill_type", "level_min", "level_max", "max_hearts", "rules_json", "icon_url", "is_pvp", "is_active", "sort_order", "created_at", "updated_at", "is_boss_mode", "config_json") VALUES (8, 'Daily Challenge', 'daily-challenge', 'Thử thách mỗi ngày', 'mixed', 'N5', 'N3', 3, NULL, NULL, false, true, 13, '2026-03-29T09:29:44.0698234', '2026-03-30T02:05:45.8323411', false, NULL);
INSERT INTO "games" ("id", "name", "slug", "description", "skill_type", "level_min", "level_max", "max_hearts", "rules_json", "icon_url", "is_pvp", "is_active", "sort_order", "created_at", "updated_at", "is_boss_mode", "config_json") VALUES (9, 'Flashcard Battle', 'flashcard-battle', 'Đấu flashcard PvP', 'vocabulary', 'N5', 'N3', 3, NULL, NULL, true, true, 11, '2026-03-29T09:29:44.0698234', '2026-03-30T02:05:45.8323411', false, NULL);
INSERT INTO "games" ("id", "name", "slug", "description", "skill_type", "level_min", "level_max", "max_hearts", "rules_json", "icon_url", "is_pvp", "is_active", "sort_order", "created_at", "updated_at", "is_boss_mode", "config_json") VALUES (10, 'Hiragana Match', 'hiragana-match', 'Nhận diện và ghép Hiragana', 'hiragana', 'N5', 'N5', 3, NULL, NULL, false, true, 1, '2026-03-29T09:29:44.0698234', '2026-03-30T02:05:45.8323411', false, NULL);
INSERT INTO "games" ("id", "name", "slug", "description", "skill_type", "level_min", "level_max", "max_hearts", "rules_json", "icon_url", "is_pvp", "is_active", "sort_order", "created_at", "updated_at", "is_boss_mode", "config_json") VALUES (11, 'Kanji Memory', 'kanji-memory', 'Lật bài ghi nhớ Kanji', 'kanji', 'N5', 'N3', 3, NULL, NULL, false, true, 3, '2026-03-29T09:29:44.0698234', '2026-03-30T02:05:45.8323411', false, NULL);
INSERT INTO "games" ("id", "name", "slug", "description", "skill_type", "level_min", "level_max", "max_hearts", "rules_json", "icon_url", "is_pvp", "is_active", "sort_order", "created_at", "updated_at", "is_boss_mode", "config_json") VALUES (12, 'Katakana Match', 'katakana-match', 'Nhận diện và ghép Katakana', 'katakana', 'N5', 'N5', 3, NULL, NULL, false, true, 2, '2026-03-29T09:29:44.0698234', '2026-03-30T02:05:45.8323411', false, NULL);
INSERT INTO "games" ("id", "name", "slug", "description", "skill_type", "level_min", "level_max", "max_hearts", "rules_json", "icon_url", "is_pvp", "is_active", "sort_order", "created_at", "updated_at", "is_boss_mode", "config_json") VALUES (13, 'Sentence Builder', 'sentence-builder', 'Kéo thả từ để xây dựng câu', 'grammar', 'N5', 'N3', 3, NULL, NULL, false, true, 6, '2026-03-29T09:29:44.0698234', '2026-03-30T02:05:45.8323411', false, NULL);
INSERT INTO "games" ("id", "name", "slug", "description", "skill_type", "level_min", "level_max", "max_hearts", "rules_json", "icon_url", "is_pvp", "is_active", "sort_order", "created_at", "updated_at", "is_boss_mode", "config_json") VALUES (14, 'Vocabulary Speed Quiz', 'vocabulary-speed-quiz', 'Đố từ vựng phản xạ nhanh', 'vocabulary', 'N5', 'N3', 3, NULL, NULL, false, true, 4, '2026-03-29T09:29:44.0698234', '2026-03-30T02:05:45.8323411', false, NULL);
INSERT INTO "games" ("id", "name", "slug", "description", "skill_type", "level_min", "level_max", "max_hearts", "rules_json", "icon_url", "is_pvp", "is_active", "sort_order", "created_at", "updated_at", "is_boss_mode", "config_json") VALUES (15, 'Điền vào chỗ trống', 'fill-in-blank', 'Chọn từ điền đúng vào câu.', 'grammar', 'N5', 'N3', 3, NULL, NULL, false, true, 22, '2026-03-29T12:53:37.7910264', '2026-03-30T01:16:22.4677200', false, NULL);
SELECT setval(pg_get_serial_sequence('"games"', 'id'), COALESCE((SELECT MAX(id) FROM "games"),0)+1, false);

-- ============================================================
-- system_announcements (1 rows)
-- ============================================================
INSERT INTO "system_announcements" ("id", "title", "content", "type", "is_published", "published_at", "created_by", "created_at", "updated_at") VALUES (1, 'Chào mừng đến Yumegoji!', 'Chúc bạn học tiếng Nhật vui vẻ và hiệu quả. Hãy bắt đầu với bài kiểm tra xếp lớp hoặc các bài học N5.', 'info', true, '2026-03-16T07:55:09.6669315', 1, '2026-03-16T07:55:09.6669315', '2026-03-16T07:55:09.6669315');
SELECT setval(pg_get_serial_sequence('"system_announcements"', 'id'), COALESCE((SELECT MAX(id) FROM "system_announcements"),0)+1, false);

-- ============================================================
-- promo_codes (2 rows)
-- ============================================================
INSERT INTO "promo_codes" ("id", "code", "plan_id", "discount_type", "discount_value", "max_uses", "used_count", "valid_from", "valid_until", "is_active", "created_at", "updated_at") VALUES (1, 'WELCOME10', 2, 'percent', 10.00, 100, 0, NULL, NULL, true, '2026-03-16T07:55:09.6659278', '2026-03-16T07:55:09.6659278');
INSERT INTO "promo_codes" ("id", "code", "plan_id", "discount_type", "discount_value", "max_uses", "used_count", "valid_from", "valid_until", "is_active", "created_at", "updated_at") VALUES (2, 'PREMIUM1M', 3, 'fixed', 50000.00, 50, 0, NULL, NULL, true, '2026-03-16T07:55:09.6659278', '2026-03-16T07:55:09.6659278');
SELECT setval(pg_get_serial_sequence('"promo_codes"', 'id'), COALESCE((SELECT MAX(id) FROM "promo_codes"),0)+1, false);

-- ============================================================
-- users (23 rows)
-- ============================================================
INSERT INTO "users" ("id", "username", "email", "password_hash", "role", "level_id", "exp", "streak_days", "last_streak_at", "xu", "is_email_verified", "is_locked", "locked_at", "locked_reason", "last_login_at", "created_at", "updated_at", "deleted_at", "is_premium", "google_sub") VALUES (1, 'admin', 'admin@yumegoji.vn', '$2a$11$v2rvjStCE8B3KNwXWSu4pevowO5Qngobu.PeyK0PQuYnm6AG5Wyzq', 'admin', 1, 0, 1, '2026-04-23', 1000, true, false, NULL, NULL, '2026-04-23T08:43:02.6122736', '2026-03-16T07:55:09.6501871', '2026-04-23T08:43:02.6122736', NULL, true, NULL);
INSERT INTO "users" ("id", "username", "email", "password_hash", "role", "level_id", "exp", "streak_days", "last_streak_at", "xu", "is_email_verified", "is_locked", "locked_at", "locked_reason", "last_login_at", "created_at", "updated_at", "deleted_at", "is_premium", "google_sub") VALUES (2, 'demo', 'demo@yumegoji.vn', '$2a$10$N9qo8uLOickgx2ZMRZoMyeIjZAgcfl7p92ldGxad68LJZdL17lhWy', 'user', 1, 250, 0, NULL, 50, true, false, NULL, NULL, NULL, '2026-03-16T07:55:09.6501871', '2026-03-16T07:55:09.6501871', NULL, false, NULL);
INSERT INTO "users" ("id", "username", "email", "password_hash", "role", "level_id", "exp", "streak_days", "last_streak_at", "xu", "is_email_verified", "is_locked", "locked_at", "locked_reason", "last_login_at", "created_at", "updated_at", "deleted_at", "is_premium", "google_sub") VALUES (7, 'admin1', 'admin1@yumegoji.vn', '$2a$10$N9qo8uLOickgx2ZMRZoMyeIjZAgcfl7p92ldGxad68LJZdL17lhWy', 'admin', 1, 0, 0, NULL, 1000, true, false, NULL, NULL, NULL, '2026-03-16T07:59:26.5906441', '2026-03-16T07:59:26.5906441', NULL, true, NULL);
INSERT INTO "users" ("id", "username", "email", "password_hash", "role", "level_id", "exp", "streak_days", "last_streak_at", "xu", "is_email_verified", "is_locked", "locked_at", "locked_reason", "last_login_at", "created_at", "updated_at", "deleted_at", "is_premium", "google_sub") VALUES (8, 'moderator', 'moderator@yumegoji.vn', '$2a$10$N9qo8uLOickgx2ZMRZoMyeIjZAgcfl7p92ldGxad68LJZdL17lhWy', 'moderator', 1, 200, 0, NULL, 10, true, false, NULL, NULL, NULL, '2026-03-16T07:59:26.5906441', '2026-03-28T10:59:39.4666527', NULL, true, NULL);
INSERT INTO "users" ("id", "username", "email", "password_hash", "role", "level_id", "exp", "streak_days", "last_streak_at", "xu", "is_email_verified", "is_locked", "locked_at", "locked_reason", "last_login_at", "created_at", "updated_at", "deleted_at", "is_premium", "google_sub") VALUES (9, 'testuser1', 'test1@yumegoji.vn', '$2a$10$D0ixWILEMh4Ec1AwXdyJgObupWPUcHdY27EVNnns8EzLfa2abFvUm', 'user', NULL, 0, 0, NULL, 0, false, false, NULL, NULL, NULL, '2026-03-16T04:13:07.9988487', '2026-03-28T10:21:59.9262773', '2026-03-28T10:21:59.9262767', false, NULL);
INSERT INTO "users" ("id", "username", "email", "password_hash", "role", "level_id", "exp", "streak_days", "last_streak_at", "xu", "is_email_verified", "is_locked", "locked_at", "locked_reason", "last_login_at", "created_at", "updated_at", "deleted_at", "is_premium", "google_sub") VALUES (10, 'testuser2', 'test2@yumegoji.vn', '$2a$10$xStvC/bDx.c4BVSdTigaFuaODD84kjauzoKeNuRkSspiwfwYlqYFu', 'user', NULL, 0, 0, NULL, 0, false, false, NULL, NULL, '2026-03-16T04:14:27.1472995', '2026-03-16T04:14:16.0627863', '2026-03-28T10:22:25.2782845', '2026-03-28T10:22:25.2782841', false, NULL);
INSERT INTO "users" ("id", "username", "email", "password_hash", "role", "level_id", "exp", "streak_days", "last_streak_at", "xu", "is_email_verified", "is_locked", "locked_at", "locked_reason", "last_login_at", "created_at", "updated_at", "deleted_at", "is_premium", "google_sub") VALUES (11, 'admin2', 'admin2@yumegoji.vn', '$2a$11$m16ZodIHNZwPBWLXv0/7U.XGZKBU8oqXuG6uOI1SFKUjn0etGYomi', 'admin', NULL, 0, 0, NULL, 0, false, false, NULL, NULL, '2026-03-16T07:41:32.1928809', '2026-03-16T07:34:15.7923679', '2026-03-28T11:08:14.6475663', NULL, false, NULL);
INSERT INTO "users" ("id", "username", "email", "password_hash", "role", "level_id", "exp", "streak_days", "last_streak_at", "xu", "is_email_verified", "is_locked", "locked_at", "locked_reason", "last_login_at", "created_at", "updated_at", "deleted_at", "is_premium", "google_sub") VALUES (12, 'admin3', 'khoiminhrp@gmail.com', '$2a$11$J.fU7bJt11JuZ.mjNQwuf.EP84myoTRGivldnmUeQX1JAJS0DtDfa', 'admin', NULL, 0, 0, NULL, 0, false, false, NULL, NULL, '2026-03-18T08:13:00.6439229', '2026-03-18T06:45:04.0156712', '2026-03-28T10:23:00.5677611', NULL, false, NULL);
INSERT INTO "users" ("id", "username", "email", "password_hash", "role", "level_id", "exp", "streak_days", "last_streak_at", "xu", "is_email_verified", "is_locked", "locked_at", "locked_reason", "last_login_at", "created_at", "updated_at", "deleted_at", "is_premium", "google_sub") VALUES (13, 'test_a8480c59', 'test_a8480c59@test.local', '$2a$11$mZjXSfY7bycLdppVxoA55u9tEp4IyMhm2NF7ZFhGbAGOYUMDZnJZ.', 'user', NULL, 0, 0, NULL, 0, false, false, NULL, NULL, '2026-03-18T09:12:07.3948649', '2026-03-18T09:12:06.3865918', '2026-03-28T10:22:30.1187973', '2026-03-28T10:22:30.1187966', false, NULL);
INSERT INTO "users" ("id", "username", "email", "password_hash", "role", "level_id", "exp", "streak_days", "last_streak_at", "xu", "is_email_verified", "is_locked", "locked_at", "locked_reason", "last_login_at", "created_at", "updated_at", "deleted_at", "is_premium", "google_sub") VALUES (14, 'test_7143837d', 'test_7143837d@test.local', '$2a$11$BcLIhRgI.tPjIobjNCCt2uw3ZjThT5w8afGQYAR/FqGfJiSZW3k9.', 'user', NULL, 0, 0, NULL, 0, false, false, NULL, NULL, '2026-03-18T09:15:18.6042179', '2026-03-18T09:15:18.3695279', '2026-03-28T10:22:38.2292899', '2026-03-28T10:22:38.2292893', false, NULL);
INSERT INTO "users" ("id", "username", "email", "password_hash", "role", "level_id", "exp", "streak_days", "last_streak_at", "xu", "is_email_verified", "is_locked", "locked_at", "locked_reason", "last_login_at", "created_at", "updated_at", "deleted_at", "is_premium", "google_sub") VALUES (15, 'test_9bfca21d', 'test_9bfca21d@test.local', '$2a$11$TNV9K5TJmMKEYmlhSUS4DumM7tFn2RKsbPZqpwjl1cy2gDY8PqL16', 'user', NULL, 0, 0, NULL, 0, false, false, NULL, NULL, '2026-03-18T09:15:53.3679460', '2026-03-18T09:15:53.1415989', '2026-03-28T10:22:41.4139260', '2026-03-28T10:22:41.4139255', false, NULL);
INSERT INTO "users" ("id", "username", "email", "password_hash", "role", "level_id", "exp", "streak_days", "last_streak_at", "xu", "is_email_verified", "is_locked", "locked_at", "locked_reason", "last_login_at", "created_at", "updated_at", "deleted_at", "is_premium", "google_sub") VALUES (16, 'test_1d1f38fc', 'test_1d1f38fc@test.local', '$2a$11$R0UekacOw6rUcLYCciXrruw4RsHgT2qzzmVNqJ7VG6TJbaNwegFZ6', 'user', NULL, 0, 0, NULL, 0, false, false, NULL, NULL, '2026-03-18T09:15:53.5970407', '2026-03-18T09:15:53.3780679', '2026-03-28T10:22:51.5386529', '2026-03-28T10:22:51.5386524', false, NULL);
INSERT INTO "users" ("id", "username", "email", "password_hash", "role", "level_id", "exp", "streak_days", "last_streak_at", "xu", "is_email_verified", "is_locked", "locked_at", "locked_reason", "last_login_at", "created_at", "updated_at", "deleted_at", "is_premium", "google_sub") VALUES (22, 'test_4adfa087', 'test_4adfa087@test.local', '$2a$11$J52PBwuKNyCsAuo0E6GyiufaENDv4nINQIERbwicoN1zRD/fdiw7W', 'user', NULL, 0, 0, NULL, 0, false, false, NULL, NULL, '2026-03-18T09:19:51.5912887', '2026-03-18T09:19:51.3725050', '2026-03-28T10:23:15.2305660', '2026-03-28T10:23:15.2305656', false, NULL);
INSERT INTO "users" ("id", "username", "email", "password_hash", "role", "level_id", "exp", "streak_days", "last_streak_at", "xu", "is_email_verified", "is_locked", "locked_at", "locked_reason", "last_login_at", "created_at", "updated_at", "deleted_at", "is_premium", "google_sub") VALUES (23, 'test_5d29a9d3', 'test_5d29a9d3@test.local', '$2a$11$GFWhthhnZ.ycHb7KJCBL4.hiZZp3wZP3MQA7GclvIGjgEt1uD8mUK', 'user', NULL, 0, 0, NULL, 0, false, false, NULL, NULL, '2026-03-18T09:22:38.2770533', '2026-03-18T09:22:38.0438437', '2026-03-28T10:23:11.5991186', '2026-03-28T10:23:11.5991182', false, NULL);
INSERT INTO "users" ("id", "username", "email", "password_hash", "role", "level_id", "exp", "streak_days", "last_streak_at", "xu", "is_email_verified", "is_locked", "locked_at", "locked_reason", "last_login_at", "created_at", "updated_at", "deleted_at", "is_premium", "google_sub") VALUES (24, 'test_08073ab7', 'test_08073ab7@test.local', '$2a$11$WKdlqQrybKg3jMA5DaV02.D/IUFvFaXsSivpoimPeAUCpdVDOalt2', 'user', NULL, 0, 0, NULL, 0, false, false, NULL, NULL, '2026-03-18T09:22:38.5122329', '2026-03-18T09:22:38.2867503', '2026-03-28T10:23:08.5412300', '2026-03-28T10:23:08.5412296', false, NULL);
INSERT INTO "users" ("id", "username", "email", "password_hash", "role", "level_id", "exp", "streak_days", "last_streak_at", "xu", "is_email_verified", "is_locked", "locked_at", "locked_reason", "last_login_at", "created_at", "updated_at", "deleted_at", "is_premium", "google_sub") VALUES (25, 'test_327c2892', 'test_327c2892@test.local', '$2a$11$fWcAGe4s4Gpof64FtjDRZOhRVam9R3U8kkFEjnzH0Hjs.Ggwyugva', 'user', NULL, 0, 0, NULL, 0, false, false, NULL, NULL, '2026-03-18T09:24:02.9065974', '2026-03-18T09:24:02.6792224', '2026-03-28T10:21:51.0520239', '2026-03-28T10:21:51.0520232', false, NULL);
INSERT INTO "users" ("id", "username", "email", "password_hash", "role", "level_id", "exp", "streak_days", "last_streak_at", "xu", "is_email_verified", "is_locked", "locked_at", "locked_reason", "last_login_at", "created_at", "updated_at", "deleted_at", "is_premium", "google_sub") VALUES (26, 'test_9e32de26', 'test_9e32de26@test.local', '$2a$11$rStPN1LkfTDNuwFdBiwJeu7eOpkHO1a38oCYTNTMkkNi9jRH2MHhG', 'user', NULL, 0, 0, NULL, 0, false, false, NULL, NULL, '2026-03-18T09:24:03.1348471', '2026-03-18T09:24:02.9161564', '2026-03-28T10:21:46.8447572', '2026-03-28T10:21:46.8442129', false, NULL);
INSERT INTO "users" ("id", "username", "email", "password_hash", "role", "level_id", "exp", "streak_days", "last_streak_at", "xu", "is_email_verified", "is_locked", "locked_at", "locked_reason", "last_login_at", "created_at", "updated_at", "deleted_at", "is_premium", "google_sub") VALUES (27, 'staff1', 'vinhh7044@gmail.com', '$2a$11$7FB2MpWBWsUPbqRiAYFYn.NYwF9TtGFhnWgLAVUY8eB3SOoi0zpVW', 'moderator', NULL, 0, 0, NULL, 0, false, false, NULL, NULL, '2026-03-28T20:09:13.5959859', '2026-03-18T10:18:44.8570561', '2026-04-16T10:55:43.9839417', NULL, false, NULL);
INSERT INTO "users" ("id", "username", "email", "password_hash", "role", "level_id", "exp", "streak_days", "last_streak_at", "xu", "is_email_verified", "is_locked", "locked_at", "locked_reason", "last_login_at", "created_at", "updated_at", "deleted_at", "is_premium", "google_sub") VALUES (28, 'member', 'member@gmail.com', '$2a$11$FEZzXRMtoLB/C.ZUjYp9GOQ2VhP0ya2b3FZ7qzXkcysyltov2TBqS', 'user', 2, 2085, 2, '2026-05-01', 46, false, false, NULL, NULL, '2026-05-01T01:24:25.8327684', '2026-03-25T03:10:33.1470357', '2026-05-01T01:24:25.8327684', NULL, true, NULL);
INSERT INTO "users" ("id", "username", "email", "password_hash", "role", "level_id", "exp", "streak_days", "last_streak_at", "xu", "is_email_verified", "is_locked", "locked_at", "locked_reason", "last_login_at", "created_at", "updated_at", "deleted_at", "is_premium", "google_sub") VALUES (29, 'moderator1', 'moderator1@gmail.com', '$2a$11$dwwRKyDt1CnxZNepgQSUXeP7Rc4bq6uqfEAqgieoWgcfPit7gaTRq', 'moderator', 1, 0, 2, '2026-05-01', 0, false, false, NULL, NULL, '2026-05-01T00:31:08.3294764', '2026-03-28T11:01:20.2302280', '2026-05-01T00:31:08.3294764', NULL, false, NULL);
INSERT INTO "users" ("id", "username", "email", "password_hash", "role", "level_id", "exp", "streak_days", "last_streak_at", "xu", "is_email_verified", "is_locked", "locked_at", "locked_reason", "last_login_at", "created_at", "updated_at", "deleted_at", "is_premium", "google_sub") VALUES (30, 'member1', 'member1@gmail.com', '$2a$11$m.qB5El3rwO1Wj8YkHkiteSXlPUpuskZeKXak3Y3x5r0n/KqdmPxq', 'user', NULL, 0, 1, '2026-04-07', 0, false, false, NULL, NULL, '2026-04-07T03:04:45.3951266', '2026-04-01T02:27:10.3692552', '2026-04-07T03:04:45.3951266', NULL, false, NULL);
INSERT INTO "users" ("id", "username", "email", "password_hash", "role", "level_id", "exp", "streak_days", "last_streak_at", "xu", "is_email_verified", "is_locked", "locked_at", "locked_reason", "last_login_at", "created_at", "updated_at", "deleted_at", "is_premium", "google_sub") VALUES (31, 'member2', 'member2@gmail.com', '$2a$11$3J23ZSNTYKK8AvsVBbodmOH/fz.4u0POodXji0LWr2XXtlvE9nu1q', 'user', 1, 100, 1, '2026-05-01', 10, false, false, NULL, NULL, '2026-05-01T01:25:12.9413557', '2026-04-01T02:37:20.7686468', '2026-05-01T01:25:58.1803769', NULL, false, NULL);
INSERT INTO "users" ("id", "username", "email", "password_hash", "role", "level_id", "exp", "streak_days", "last_streak_at", "xu", "is_email_verified", "is_locked", "locked_at", "locked_reason", "last_login_at", "created_at", "updated_at", "deleted_at", "is_premium", "google_sub") VALUES (32, 'member3', 'member3@gmail.com', '$2a$11$zoZ/7qp06lB1sg76QwzBvOdnTpgH28B0o3UFF67CPEuPzfLrpCQzy', 'user', 1, 100, 1, '2026-05-11', 10, false, false, NULL, NULL, '2026-05-11T10:32:41.0644993', '2026-05-11T10:32:21.4674543', '2026-05-11T10:33:49.1949779', NULL, false, NULL);
SELECT setval(pg_get_serial_sequence('"users"', 'id'), COALESCE((SELECT MAX(id) FROM "users"),0)+1, false);

-- ============================================================
-- user_profiles (5 rows)
-- ============================================================
INSERT INTO "user_profiles" ("id", "user_id", "display_name", "avatar_url", "cover_url", "bio", "date_of_birth", "privacy_profile", "privacy_friend_request", "theme", "created_at", "updated_at", "equipped_avatar_frame_slug", "equipped_title_slug", "profile_background_slug") VALUES (1, 1, 'Quản trị viên', NULL, NULL, NULL, NULL, 'public', 'everyone', 'light', '2026-03-16T07:55:09.6511868', '2026-03-16T07:55:09.6511868', NULL, NULL, NULL);
INSERT INTO "user_profiles" ("id", "user_id", "display_name", "avatar_url", "cover_url", "bio", "date_of_birth", "privacy_profile", "privacy_friend_request", "theme", "created_at", "updated_at", "equipped_avatar_frame_slug", "equipped_title_slug", "profile_background_slug") VALUES (2, 2, 'Người dùng Demo', NULL, NULL, NULL, NULL, 'public', 'everyone', 'light', '2026-03-16T07:55:09.6511868', '2026-03-16T07:55:09.6511868', NULL, NULL, NULL);
INSERT INTO "user_profiles" ("id", "user_id", "display_name", "avatar_url", "cover_url", "bio", "date_of_birth", "privacy_profile", "privacy_friend_request", "theme", "created_at", "updated_at", "equipped_avatar_frame_slug", "equipped_title_slug", "profile_background_slug") VALUES (3, 9, 'User Test', NULL, NULL, NULL, NULL, NULL, NULL, NULL, '2026-03-16T04:13:07.9988487', '2026-03-16T04:13:07.9988487', NULL, NULL, NULL);
INSERT INTO "user_profiles" ("id", "user_id", "display_name", "avatar_url", "cover_url", "bio", "date_of_birth", "privacy_profile", "privacy_friend_request", "theme", "created_at", "updated_at", "equipped_avatar_frame_slug", "equipped_title_slug", "profile_background_slug") VALUES (4, 10, 'B A', NULL, NULL, NULL, NULL, NULL, NULL, NULL, '2026-03-16T04:14:16.0627863', '2026-03-16T04:14:16.0627863', NULL, NULL, NULL);
INSERT INTO "user_profiles" ("id", "user_id", "display_name", "avatar_url", "cover_url", "bio", "date_of_birth", "privacy_profile", "privacy_friend_request", "theme", "created_at", "updated_at", "equipped_avatar_frame_slug", "equipped_title_slug", "profile_background_slug") VALUES (5, 28, NULL, '/uploads/4c0b73b5716243bca19d2aaa6be4d2e5.png', '/uploads/06e125544aae49c28e94222059b6b6af.png', NULL, NULL, NULL, NULL, NULL, '2026-04-01T09:42:00.0119127', '2026-04-07T01:59:09.4844523', NULL, NULL, NULL);
SELECT setval(pg_get_serial_sequence('"user_profiles"', 'id'), COALESCE((SELECT MAX(id) FROM "user_profiles"),0)+1, false);

-- ============================================================
-- password_reset_tokens (3 rows)
-- ============================================================
INSERT INTO "password_reset_tokens" ("id", "user_id", "token", "expires_at", "used_at", "created_at") VALUES (1, 28, 'chYGEi2WPpkqZr2ixwOITNs_2CDvAXLS2-HpxmEerCs', '2026-04-16T10:51:05.3398045', NULL, '2026-04-16T09:51:05.3398045');
INSERT INTO "password_reset_tokens" ("id", "user_id", "token", "expires_at", "used_at", "created_at") VALUES (3, 27, '8zbP9QRAfyn8UVR11EpVaA34GghQe1Zn20wmaTwdm1w', '2026-04-16T11:54:11.9773940', '2026-04-16T10:55:43.9839891', '2026-04-16T10:54:11.9773940');
INSERT INTO "password_reset_tokens" ("id", "user_id", "token", "expires_at", "used_at", "created_at") VALUES (6, 27, '9kthqYISpOKOxj4FQ3Y-5sor6Q6PIeMxRrLb2GE7A-0', '2026-04-16T12:48:34.0315730', NULL, '2026-04-16T11:48:34.0315730');
SELECT setval(pg_get_serial_sequence('"password_reset_tokens"', 'id'), COALESCE((SELECT MAX(id) FROM "password_reset_tokens"),0)+1, false);

-- ============================================================
-- lesson_categories (6 rows)
-- ============================================================
INSERT INTO "lesson_categories" ("id", "level_id", "name", "slug", "type", "thumbnail_url", "sort_order", "is_premium", "created_at", "updated_at") VALUES (1, 1, 'Từ vựng N5', 'tu-vung-n5', 'vocabulary', NULL, 1, false, '2026-03-16T07:55:09.6537082', '2026-03-16T07:55:09.6537082');
INSERT INTO "lesson_categories" ("id", "level_id", "name", "slug", "type", "thumbnail_url", "sort_order", "is_premium", "created_at", "updated_at") VALUES (2, 1, 'Ngữ pháp N5', 'ngu-phap-n5', 'grammar', NULL, 2, false, '2026-03-16T07:55:09.6537082', '2026-03-16T07:55:09.6537082');
INSERT INTO "lesson_categories" ("id", "level_id", "name", "slug", "type", "thumbnail_url", "sort_order", "is_premium", "created_at", "updated_at") VALUES (3, 1, 'Kanji N5', 'kanji-n5', 'kanji', NULL, 3, false, '2026-03-16T07:55:09.6537082', '2026-03-16T07:55:09.6537082');
INSERT INTO "lesson_categories" ("id", "level_id", "name", "slug", "type", "thumbnail_url", "sort_order", "is_premium", "created_at", "updated_at") VALUES (4, 2, 'Từ vựng N4', 'tu-vung-n4', 'vocabulary', NULL, 4, false, '2026-03-16T07:55:09.6537082', '2026-03-16T07:55:09.6537082');
INSERT INTO "lesson_categories" ("id", "level_id", "name", "slug", "type", "thumbnail_url", "sort_order", "is_premium", "created_at", "updated_at") VALUES (5, 2, 'Ngữ pháp N4', 'ngu-phap-n4', 'grammar', NULL, 5, false, '2026-03-16T07:55:09.6537082', '2026-03-16T07:55:09.6537082');
INSERT INTO "lesson_categories" ("id", "level_id", "name", "slug", "type", "thumbnail_url", "sort_order", "is_premium", "created_at", "updated_at") VALUES (6, 3, 'Từ vựng N3', 'tu-vung-n3', 'vocabulary', NULL, 6, true, '2026-03-16T07:55:09.6537082', '2026-03-16T07:55:09.6537082');
SELECT setval(pg_get_serial_sequence('"lesson_categories"', 'id'), COALESCE((SELECT MAX(id) FROM "lesson_categories"),0)+1, false);

-- ============================================================
-- lessons (14 rows) — fixed broken multiline content
-- ============================================================
INSERT INTO "lessons" ("id", "category_id", "title", "slug", "content", "sort_order", "estimated_minutes", "is_premium", "is_published", "created_at", "updated_at", "created_by") VALUES (1, 1, 'Chào hỏi cơ bản', 'chao-hoi-co-ban', '# Chào hỏi cơ bản\n\n## Mục tiêu\n- Chào buổi sáng / chiều / tối\n- Tự giới thiệu tên\n\n## Hội thoại mẫu\n> A: おはようございます。\n> B: おはようございます。\n\n## Lưu ý\nDùng **です／ます** trong ngữ cảnh lịch sự.', 1, 15, false, true, '2026-03-16T07:55:09.6547085', '2026-03-16T07:55:09.6547085', 1);
INSERT INTO "lessons" ("id", "category_id", "title", "slug", "content", "sort_order", "estimated_minutes", "is_premium", "is_published", "created_at", "updated_at", "created_by") VALUES (2, 1, 'Số đếm 1-10', 'so-dem-1-10', '# Số đếm cơ bản\n\nいち(1), に(2), さん(3), し/よん(4), ご(5), ろく(6), なな/しち(7), はち(8), きゅう(9), じゅう(10)', 2, 15, false, true, '2026-03-16T07:55:09.6547085', '2026-03-16T07:55:09.6547085', 1);
INSERT INTO "lessons" ("id", "category_id", "title", "slug", "content", "sort_order", "estimated_minutes", "is_premium", "is_published", "created_at", "updated_at", "created_by") VALUES (3, 2, 'です - Câu khẳng định', 'desu-cau-khang-dinh', '# Mẫu câu です\n\nDanh từ + です = "là..."\n\n- 私は学生です。(Tôi là học sinh.)\n- これは本です。(Đây là sách.)', 1, 12, false, true, '2026-03-16T07:55:09.6547085', '2026-03-16T07:55:09.6547085', 1);
INSERT INTO "lessons" ("id", "category_id", "title", "slug", "content", "sort_order", "estimated_minutes", "is_premium", "is_published", "created_at", "updated_at", "created_by") VALUES (4, 3, 'Kanji cơ bản 1', 'kanji-co-ban-1', '# Nhân, Nhật, Mộc, Thủy, Hỏa\n\n人(người), 日(nhật/ngày), 木(cây), 水(nước), 火(lửa)', 1, 20, false, true, '2026-03-16T07:55:09.6547085', '2026-03-16T07:55:09.6547085', 1);
INSERT INTO "lessons" ("id", "category_id", "title", "slug", "content", "sort_order", "estimated_minutes", "is_premium", "is_published", "created_at", "updated_at", "created_by") VALUES (5, 4, 'Từ vựng gia đình N4', 'tu-vung-gia-dinh-n4', '# Gia đình\n\n家族、父、母、兄、姉、弟、妹', 1, 15, false, true, '2026-03-16T07:55:09.6547085', '2026-03-16T07:55:09.6547085', 1);
INSERT INTO "lessons" ("id", "category_id", "title", "slug", "content", "sort_order", "estimated_minutes", "is_premium", "is_published", "created_at", "updated_at", "created_by") VALUES (7, 1, 'HIRAGANA', 'HIRAGANA', '<p>あ</p>', 6, 10, false, true, '2026-03-28T17:01:54.5156183', '2026-03-28T17:01:54.5156183', 29);
INSERT INTO "lessons" ("id", "category_id", "title", "slug", "content", "sort_order", "estimated_minutes", "is_premium", "is_published", "created_at", "updated_at", "created_by") VALUES (11, 1, 'UNIT 2.1', 'UNIT 2.1', '<p>パソコン</p>', 4, 10, false, true, '2026-04-07T06:00:01.0105915', '2026-04-07T06:00:01.0888665', 29);
INSERT INTO "lessons" ("id", "category_id", "title", "slug", "content", "sort_order", "estimated_minutes", "is_premium", "is_published", "created_at", "updated_at", "created_by") VALUES (12, 3, 'Giáo trình tiếng Nhật - Thể số cơ bản', 'thi-thu-tong-trieu-nhat-the-so-co-ban', '<p><strong>見る</strong>（みる）— xem, nhìn</p><p><strong>勉強</strong></p><p><strong>へんきょう</strong></p><p>học, ôn bài</p>', 2, 30, false, false, '2026-04-07T06:00:01.0105915', '2026-04-07T06:00:01.0888665', 29);
INSERT INTO "lessons" ("id", "category_id", "title", "slug", "content", "sort_order", "estimated_minutes", "is_premium", "is_published", "created_at", "updated_at", "created_by") VALUES (13, 3, 'Giới thiệu về lịch tiếng Nhật', 'gioi-thi-hu-ve-lich-tieng-jp', '<p><strong>日曜日</strong>（にちようび）— ngày thứ 7 trong tuần, thường được sử dụng để chỉ cuối tuần</p>', 3, 15, false, true, '2026-04-07T06:00:01.0105915', '2026-04-07T06:00:01.0888665', 29);
INSERT INTO "lessons" ("id", "category_id", "title", "slug", "content", "sort_order", "estimated_minutes", "is_premium", "is_published", "created_at", "updated_at", "created_by") VALUES (14, 3, 'Giải thích từ ''千'' trong tiếng Nhật', 'giai-thich-tu-kyu-n-dong-trong-tieng-nhat', '<p>千 (kyū) là một từ đơn của tiếng Nhật có nghĩa là nghìn hoặc ngàn. Nó thường được sử dụng để chỉ các số lượng lớn trong các tình huống khác nhau.</p><p>Trong ví dụ trên, từ ''千'' được sử dụng để chỉ các đơn vị đo lường như円 (vạn đồng), ngàn, vạn, triệu, triệu, tỷ, triệu, tỷ, ngàn, ngàn, vạn, vạn, ngàn, ngàn, vạn, vạn, ngàn.</p><p>Tên gọi tắt của từ ''千'' là sen</p><p>Trong tiếng Nhật, mỗi số lượng lớn đều có một cách gọi riêng và từ ''sen'' được sử dụng để chỉ các đơn vị đo lường như 円 (vạn đồng), ngàn, vạn, triệu, triệu, tỷ, triệu, tỷ, ngàn, ngàn, vạn, vạn, ngàn.</p><p>Tên gọi tắt của từ ''ken'' là ken</p><p>Trong tiếng Nhật, mỗi số lượng lớn đều có một cách gọi riêng và từ ''ken'' được sử dụng để chỉ các đơn vị đo lường như SEN (ngàn), SEN (vạn)</p><p>Mỗi chữ ''sen'', ''ken'' đều có một cách gọi khác là sen-zen và ken-zen</p><p>Trong tiếng Nhật, mỗi số lượng lớn đều có một cách gọi riêng.</p>', 4, 15, false, true, '2026-04-07T06:38:01.3035171', '2026-04-07T06:38:01.3800451', 29);
INSERT INTO "lessons" ("id", "category_id", "title", "slug", "content", "sort_order", "estimated_minutes", "is_premium", "is_published", "created_at", "updated_at", "created_by") VALUES (15, 1, 'Bảng chữ hiragana', 'bang-chu-hiragana', '<p><strong>み</strong></p><p>mi</p><p>Một kana đọc là âm tương ứng của chữ Nhật gốc.</p>', 5, 10, false, true, '2026-04-07T07:40:08.4120960', '2026-04-07T07:40:08.4939629', 29);
INSERT INTO "lessons" ("id", "category_id", "title", "slug", "content", "sort_order", "estimated_minutes", "is_premium", "is_published", "created_at", "updated_at", "created_by") VALUES (17, 3, 'Giới thiệu về hệ thống số đếm và chữ viết Nhật Bản', 'he-thong-so-đem-va-chu-viet-nhat-ban', '<p><strong>見る</strong>(みる) — xem, nhìn</p>', 3, 15, false, true, '2026-04-07T06:38:01.3035171', '2026-04-07T06:38:01.3800451', 29);
INSERT INTO "lessons" ("id", "category_id", "title", "slug", "content", "sort_order", "estimated_minutes", "is_premium", "is_published", "created_at", "updated_at", "created_by") VALUES (18, 3, 'Bài học', 'bai-hoc', '<p>--- Slide 1 ---</p>', 5, 30, false, false, '2026-04-07T06:38:01.3035171', '2026-04-07T06:38:01.3800451', 29);
INSERT INTO "lessons" ("id", "category_id", "title", "slug", "content", "sort_order", "estimated_minutes", "is_premium", "is_published", "created_at", "updated_at", "created_by") VALUES (20, 1, 'Bài học', 'unit-3-1-st-mom7gbsf', '<p>--- Slide 1 ---</p>', 6, 30, false, true, '2026-04-07T07:40:08.4120960', '2026-04-07T07:40:08.4939629', 29);
SELECT setval(pg_get_serial_sequence('"lessons"', 'id'), COALESCE((SELECT MAX(id) FROM "lessons"),0)+1, false);

-- ============================================================
-- learning_materials (2 rows)
-- ============================================================
INSERT INTO "learning_materials" ("id", "lesson_id", "level_id", "title", "type", "file_url", "file_size_kb", "is_premium", "status", "download_count", "created_at", "updated_at") VALUES (1, 1, 1, 'PDF Chào hỏi cơ bản', 'pdf', '/materials/chao-hoi-n5.pdf', 120, false, 'approved', 0, '2026-03-16T07:55:09.7717475', '2026-03-16T07:55:09.7717475');
INSERT INTO "learning_materials" ("id", "lesson_id", "level_id", "title", "type", "file_url", "file_size_kb", "is_premium", "status", "download_count", "created_at", "updated_at") VALUES (2, 3, 1, 'PDF Ngữ pháp です', 'pdf', '/materials/desu-grammar.pdf', 85, false, 'approved', 0, '2026-03-16T07:55:09.7717475', '2026-03-16T07:55:09.7717475');
SELECT setval(pg_get_serial_sequence('"learning_materials"', 'id'), COALESCE((SELECT MAX(id) FROM "learning_materials"),0)+1, false);

-- ============================================================
-- vocabulary_items (14 rows)
-- ============================================================
INSERT INTO "vocabulary_items" ("id", "lesson_id", "word_jp", "reading", "meaning_vi", "meaning_en", "example_sentence", "audio_url", "sort_order", "created_at", "updated_at") VALUES (1, 1, 'おはようございます', 'ohayou gozaimasu', 'Chào buổi sáng', 'Good morning', 'おはようございます。今日はいい天気ですね。', NULL, 1, '2026-03-16T07:55:09.6557216', '2026-03-16T07:55:09.6557216');
INSERT INTO "vocabulary_items" ("id", "lesson_id", "word_jp", "reading", "meaning_vi", "meaning_en", "example_sentence", "audio_url", "sort_order", "created_at", "updated_at") VALUES (2, 1, 'こんにちは', 'konnichiwa', 'Xin chào (ban ngày)', 'Hello / Good afternoon', 'こんにちは。お元気ですか。', NULL, 2, '2026-03-16T07:55:09.6557216', '2026-03-16T07:55:09.6557216');
INSERT INTO "vocabulary_items" ("id", "lesson_id", "word_jp", "reading", "meaning_vi", "meaning_en", "example_sentence", "audio_url", "sort_order", "created_at", "updated_at") VALUES (3, 1, 'ありがとう', 'arigatou', 'Cảm ơn', 'Thank you', 'ありがとうございます。', NULL, 3, '2026-03-16T07:55:09.6557216', '2026-03-16T07:55:09.6557216');
INSERT INTO "vocabulary_items" ("id", "lesson_id", "word_jp", "reading", "meaning_vi", "meaning_en", "example_sentence", "audio_url", "sort_order", "created_at", "updated_at") VALUES (4, 2, 'いち', 'ichi', 'Một', 'One', 'いち、に、さん、し、ご。', NULL, 1, '2026-03-16T07:55:09.6557216', '2026-03-16T07:55:09.6557216');
INSERT INTO "vocabulary_items" ("id", "lesson_id", "word_jp", "reading", "meaning_vi", "meaning_en", "example_sentence", "audio_url", "sort_order", "created_at", "updated_at") VALUES (5, 2, 'に', 'ni', 'Hai', 'Two', NULL, NULL, 2, '2026-03-16T07:55:09.6557216', '2026-03-16T07:55:09.6557216');
INSERT INTO "vocabulary_items" ("id", "lesson_id", "word_jp", "reading", "meaning_vi", "meaning_en", "example_sentence", "audio_url", "sort_order", "created_at", "updated_at") VALUES (6, 2, 'さん', 'san', 'Ba', 'Three', NULL, NULL, 3, '2026-03-16T07:55:09.6557216', '2026-03-16T07:55:09.6557216');
INSERT INTO "vocabulary_items" ("id", "lesson_id", "word_jp", "reading", "meaning_vi", "meaning_en", "example_sentence", "audio_url", "sort_order", "created_at", "updated_at") VALUES (7, 1, 'おはよう', 'ohayou', 'Chào buổi sáng (thân)', 'Good morning (casual)', 'おはよう！', NULL, 1, '2026-03-28T17:01:54.5156183', '2026-03-28T17:01:54.5156183');
INSERT INTO "vocabulary_items" ("id", "lesson_id", "word_jp", "reading", "meaning_vi", "meaning_en", "example_sentence", "audio_url", "sort_order", "created_at", "updated_at") VALUES (8, 2, 'し／よん', 'shi / yon', 'Bốn (4)', NULL, NULL, NULL, 7, '2026-03-28T18:31:57.8277436', '2026-03-28T18:31:57.8277436');
INSERT INTO "vocabulary_items" ("id", "lesson_id", "word_jp", "reading", "meaning_vi", "meaning_en", "example_sentence", "audio_url", "sort_order", "created_at", "updated_at") VALUES (9, 2, 'ご', 'go', 'Năm (5)', NULL, NULL, NULL, 8, '2026-03-28T18:31:57.8277436', '2026-03-28T18:31:57.8277436');
INSERT INTO "vocabulary_items" ("id", "lesson_id", "word_jp", "reading", "meaning_vi", "meaning_en", "example_sentence", "audio_url", "sort_order", "created_at", "updated_at") VALUES (10, 2, 'ろく', 'roku', 'Sáu (6)', NULL, NULL, NULL, 9, '2026-03-28T18:31:57.8277436', '2026-03-28T18:31:57.8277436');
INSERT INTO "vocabulary_items" ("id", "lesson_id", "word_jp", "reading", "meaning_vi", "meaning_en", "example_sentence", "audio_url", "sort_order", "created_at", "updated_at") VALUES (11, 2, 'なな／しち', 'nana / shichi', 'Bảy (7)', NULL, NULL, NULL, 10, '2026-03-28T18:31:57.8277436', '2026-03-28T18:31:57.8277436');
INSERT INTO "vocabulary_items" ("id", "lesson_id", "word_jp", "reading", "meaning_vi", "meaning_en", "example_sentence", "audio_url", "sort_order", "created_at", "updated_at") VALUES (12, 2, 'はち', 'hachi', 'Tám (8)', NULL, NULL, NULL, 11, '2026-03-28T18:31:57.8277436', '2026-03-28T18:31:57.8277436');
INSERT INTO "vocabulary_items" ("id", "lesson_id", "word_jp", "reading", "meaning_vi", "meaning_en", "example_sentence", "audio_url", "sort_order", "created_at", "updated_at") VALUES (13, 2, 'きゅう', 'kyū', 'Chín (9)', NULL, NULL, NULL, 12, '2026-03-28T18:31:57.8277436', '2026-03-28T18:31:57.8277436');
INSERT INTO "vocabulary_items" ("id", "lesson_id", "word_jp", "reading", "meaning_vi", "meaning_en", "example_sentence", "audio_url", "sort_order", "created_at", "updated_at") VALUES (14, 2, 'じゅう', 'jū', 'Mười (10)', NULL, NULL, NULL, 13, '2026-03-28T18:31:57.8277436', '2026-03-28T18:31:57.8277436');
SELECT setval(pg_get_serial_sequence('"vocabulary_items"', 'id'), COALESCE((SELECT MAX(id) FROM "vocabulary_items"),0)+1, false);

-- ============================================================
-- grammar_items (3 rows)
-- ============================================================
INSERT INTO "grammar_items" ("id", "lesson_id", "pattern", "structure", "meaning_vi", "meaning_en", "example_sentences", "level_id", "sort_order", "created_at", "updated_at") VALUES (1, 3, 'N です', 'Danh từ + です', 'Là... (câu khẳng định lịch sự)', 'is/am/are (polite)', '私は学生です。| これは本です。', 1, 1, '2026-03-16T07:55:09.6577206', '2026-03-16T07:55:09.6577206');
INSERT INTO "grammar_items" ("id", "lesson_id", "pattern", "structure", "meaning_vi", "meaning_en", "example_sentences", "level_id", "sort_order", "created_at", "updated_at") VALUES (2, 5, 'Vて ください', 'Động từ thể て + ください', 'Hãy làm (yêu cầu lịch sự)', 'Please do...', '待ってください。| 書いてください。', 2, 1, '2026-03-16T07:55:09.6577206', '2026-03-16T07:55:09.6577206');
INSERT INTO "grammar_items" ("id", "lesson_id", "pattern", "structure", "meaning_vi", "meaning_en", "example_sentences", "level_id", "sort_order", "created_at", "updated_at") VALUES (3, 1, 'おはようございます', NULL, 'Xin chào (buổi sáng, lịch sự)', 'Good morning (polite)', 'おはようございます、先生。', 1, 1, '2026-03-28T17:01:54.5166256', '2026-03-28T17:01:54.5166256');
SELECT setval(pg_get_serial_sequence('"grammar_items"', 'id'), COALESCE((SELECT MAX(id) FROM "grammar_items"),0)+1, false);

-- ============================================================
-- kanji_items (6 rows)
-- ============================================================
INSERT INTO "kanji_items" ("id", "lesson_id", "character", "readings_on", "readings_kun", "meaning_vi", "meaning_en", "stroke_count", "jlpt_level", "sort_order", "created_at", "updated_at") VALUES (1, 4, '人', 'ジン, ニン', 'ひと, り', 'người', 'person', 2, 'N5', 1, '2026-03-16T07:55:09.6567205', '2026-03-16T07:55:09.6567205');
INSERT INTO "kanji_items" ("id", "lesson_id", "character", "readings_on", "readings_kun", "meaning_vi", "meaning_en", "stroke_count", "jlpt_level", "sort_order", "created_at", "updated_at") VALUES (2, 4, '日', 'ニチ, ジツ', 'ひ, か', 'ngày, mặt trời', 'day, sun', 4, 'N5', 2, '2026-03-16T07:55:09.6567205', '2026-03-16T07:55:09.6567205');
INSERT INTO "kanji_items" ("id", "lesson_id", "character", "readings_on", "readings_kun", "meaning_vi", "meaning_en", "stroke_count", "jlpt_level", "sort_order", "created_at", "updated_at") VALUES (3, 4, '水', 'スイ', 'みず', 'nước', 'water', 4, 'N5', 3, '2026-03-16T07:55:09.6567205', '2026-03-16T07:55:09.6567205');
INSERT INTO "kanji_items" ("id", "lesson_id", "character", "readings_on", "readings_kun", "meaning_vi", "meaning_en", "stroke_count", "jlpt_level", "sort_order", "created_at", "updated_at") VALUES (4, 4, '火', 'カ', 'ひ, ほ', 'lửa', 'fire', 4, 'N5', 4, '2026-03-16T07:55:09.6567205', '2026-03-16T07:55:09.6567205');
INSERT INTO "kanji_items" ("id", "lesson_id", "character", "readings_on", "readings_kun", "meaning_vi", "meaning_en", "stroke_count", "jlpt_level", "sort_order", "created_at", "updated_at") VALUES (5, 4, '木', 'ボク, モク', 'き, こ', 'cây, gỗ', 'tree, wood', 4, 'N5', 5, '2026-03-16T07:55:09.6567205', '2026-03-16T07:55:09.6567205');
INSERT INTO "kanji_items" ("id", "lesson_id", "character", "readings_on", "readings_kun", "meaning_vi", "meaning_en", "stroke_count", "jlpt_level", "sort_order", "created_at", "updated_at") VALUES (6, 1, '朝', 'チョウ', 'あさ', 'buổi sáng', 'morning', 12, 'N5', 1, '2026-03-28T17:01:54.5157406', '2026-03-28T17:01:54.5157406');
SELECT setval(pg_get_serial_sequence('"kanji_items"', 'id'), COALESCE((SELECT MAX(id) FROM "kanji_items"),0)+1, false);

-- ============================================================
-- game_question_sets (12 rows)
-- ============================================================
INSERT INTO "game_question_sets" ("id", "game_id", "level_id", "name", "description", "questions_per_round", "time_per_question_s", "is_active", "sort_order", "created_at", "updated_at") VALUES (1, 10, 1, 'Hiragana Cơ Bản N5', '46 ký tự Hiragana cơ bản', 10, 10, true, 0, '2026-03-29T02:29:44.1180515', '2026-03-29T02:29:44.1180515');
INSERT INTO "game_question_sets" ("id", "game_id", "level_id", "name", "description", "questions_per_round", "time_per_question_s", "is_active", "sort_order", "created_at", "updated_at") VALUES (2, 12, 1, 'Katakana Cơ Bản N5', '46 ký tự Katakana cơ bản', 10, 10, true, 0, '2026-03-29T02:29:44.1245658', '2026-03-29T02:29:44.1245658');
INSERT INTO "game_question_sets" ("id", "game_id", "level_id", "name", "description", "questions_per_round", "time_per_question_s", "is_active", "sort_order", "created_at", "updated_at") VALUES (3, 1, 1, 'Bo mac dinh N5', 'Seed tu dong — thay bang noi dung that', 15, 12, true, 0, '2026-03-29T05:53:37.8210347', '2026-03-29T05:53:37.8210347');
INSERT INTO "game_question_sets" ("id", "game_id", "level_id", "name", "description", "questions_per_round", "time_per_question_s", "is_active", "sort_order", "created_at", "updated_at") VALUES (4, 2, 1, 'Bo mac dinh N5', 'Seed tu dong — thay bang noi dung that', 10, 12, true, 0, '2026-03-29T05:53:37.8246046', '2026-03-29T05:53:37.8246046');
INSERT INTO "game_question_sets" ("id", "game_id", "level_id", "name", "description", "questions_per_round", "time_per_question_s", "is_active", "sort_order", "created_at", "updated_at") VALUES (5, 15, 1, 'Bo mac dinh N5', 'Seed tu dong — thay bang noi dung that', 10, 12, true, 0, '2026-03-29T05:53:37.8246046', '2026-03-29T05:53:37.8246046');
INSERT INTO "game_question_sets" ("id", "game_id", "level_id", "name", "description", "questions_per_round", "time_per_question_s", "is_active", "sort_order", "created_at", "updated_at") VALUES (6, 5, 1, 'Bo mac dinh N5', 'Seed tu dong — thay bang noi dung that', 10, 12, true, 0, '2026-03-29T05:53:37.8261169', '2026-03-29T05:53:37.8261169');
INSERT INTO "game_question_sets" ("id", "game_id", "level_id", "name", "description", "questions_per_round", "time_per_question_s", "is_active", "sort_order", "created_at", "updated_at") VALUES (7, 11, 1, 'Bo mac dinh N5', 'Seed tu dong — thay bang noi dung that', 10, 12, true, 0, '2026-03-29T05:53:37.8271326', '2026-03-29T05:53:37.8271326');
INSERT INTO "game_question_sets" ("id", "game_id", "level_id", "name", "description", "questions_per_round", "time_per_question_s", "is_active", "sort_order", "created_at", "updated_at") VALUES (8, 14, 1, 'Bo mac dinh N5', 'Seed tu dong — thay bang noi dung that', 10, 8, true, 0, '2026-03-29T05:53:37.8281290', '2026-03-29T05:53:37.8281290');
INSERT INTO "game_question_sets" ("id", "game_id", "level_id", "name", "description", "questions_per_round", "time_per_question_s", "is_active", "sort_order", "created_at", "updated_at") VALUES (9, 13, 1, 'Bo mac dinh N5', 'Seed tu dong — thay bang noi dung that', 10, 12, true, 0, '2026-03-29T05:53:37.8291335', '2026-03-29T05:53:37.8291335');
INSERT INTO "game_question_sets" ("id", "game_id", "level_id", "name", "description", "questions_per_round", "time_per_question_s", "is_active", "sort_order", "created_at", "updated_at") VALUES (10, 7, 1, 'Bo mac dinh N5', 'Seed tu dong — thay bang noi dung that', 15, 12, true, 0, '2026-03-29T05:53:37.8291335', '2026-03-29T05:53:37.8291335');
INSERT INTO "game_question_sets" ("id", "game_id", "level_id", "name", "description", "questions_per_round", "time_per_question_s", "is_active", "sort_order", "created_at", "updated_at") VALUES (11, 6, 1, 'Bo mac dinh N5', 'Seed tu dong — thay bang noi dung that', 15, 12, true, 0, '2026-03-29T05:53:37.8301380', '2026-03-29T05:53:37.8301380');
INSERT INTO "game_question_sets" ("id", "game_id", "level_id", "name", "description", "questions_per_round", "time_per_question_s", "is_active", "sort_order", "created_at", "updated_at") VALUES (12, 8, 1, 'Bo mac dinh N5', 'Seed tu dong — thay bang noi dung that', 15, 12, true, 0, '2026-03-29T05:53:37.8312351', '2026-03-29T05:53:37.8312351');
SELECT setval(pg_get_serial_sequence('"game_question_sets"', 'id'), COALESCE((SELECT MAX(id) FROM "game_question_sets"),0)+1, false);

-- ============================================================
